,Title,Distributor,Domestic Sales (in $),International Sales (in $),World Sales (in $),Genre,Runtime (Min),Imdb Standardized,Letterboxd Standardized,Rateyourmusic Standardized,Average Rating,Worldwide Popularity,Domestic Sales (Log),International Sales (Log),World Sales (Log),Mystery,Comedy,Animation,Musical,History,Music,Action,War,Western,Romance,Drama,Family,Fantasy,Crime,Sci-Fi,Thriller,Biography,Adventure,Horror,Sport
0,Star Wars: Episode VII - The Force Awakens (2015),Walt Disney Studios Motion Pictures,936662225.0,1132859475.0,2069521700.0,"['Action', 'Adventure', 'Sci-Fi']",138.0,78.0,68.2,60.6,68.9,70.8,29.80295364244547,30.077321767841806,30.94665023003369,False,False,False,False,False,False,True,False,False,False,False,False,False,False,True,False,False,True,False,False
1,Avengers: Endgame (2019),Walt Disney Studios Motion Pictures,858373000.0,1939128328.0,2797501328.0,"['Action', 'Adventure', 'Drama', 'Sci-Fi']",181.0,84.00000000000001,78.4,65.0,75.8,87.0,29.677029456140765,30.85276113553464,31.3814916700489,False,False,False,False,False,False,True,False,False,False,True,False,False,False,True,False,False,True,False,False
2,Avatar (2009),Twentieth Century Fox,760507625.0,2086738578.0,2847246203.0,"['Action', 'Adventure', 'Fantasy', 'Sci-Fi']",162.0,79.0,70.6,54.2,67.9,84.0,29.502387471867262,30.958602728156077,31.406920103121838,False,False,False,False,False,False,True,False,False,False,False,False,True,False,True,False,False,True,False,False
3,Black Panther (2018),Walt Disney Studios Motion Pictures,700426566.0,647171407.0,1347597973.0,"['Action', 'Adventure', 'Sci-Fi']",134.0,73.0,74.8,59.400000000000006,69.1,58.2,29.38365856290123,29.269572627851716,30.327743017519204,False,False,False,False,False,False,True,False,False,False,False,False,False,False,True,False,False,True,False,False
4,Avengers: Infinity War (2018),Walt Disney Studios Motion Pictures,678815482.0,1369544272.0,2048359754.0,"['Action', 'Adventure', 'Sci-Fi']",149.0,84.00000000000001,80.0,68.60000000000001,77.5,74.7,29.3384442284431,30.35104875746109,30.931821972513465,False,False,False,False,False,False,True,False,False,False,False,False,False,False,True,False,False,True,False,False
5,Spider-Man: No Way Home (2021),Sony Pictures Entertainment (SPE),675813257.0,868642706.0,1544455963.0,"['Action', 'Adventure', 'Fantasy', 'Sci-Fi']",148.0,82.0,80.39999999999999,65.99999999999999,76.1,65.2,29.332049410311722,29.69418764237637,30.52445159004262,False,False,False,False,False,False,True,False,False,False,False,False,True,False,True,False,False,True,False,False
7,Jurassic World (2015),Universal Pictures,652385625.0,1018130819.0,1670516444.0,"['Action', 'Adventure', 'Sci-Fi']",124.0,69.0,60.4,49.00000000000001,59.5,59.1,29.281149752415256,29.923275798304594,30.637647038132048,False,False,False,False,False,False,True,False,False,False,False,False,False,False,True,False,False,True,False,False
8,The Avengers (2012),Walt Disney Studios Motion Pictures,623357910.0,895457605.0,1518815515.0,"['Action', 'Adventure', 'Sci-Fi']",143.0,80.0,73.6,60.8,71.5,62.4,29.21548550455901,29.73804988923967,30.50029949554552,False,False,False,False,False,False,True,False,False,False,False,False,False,False,True,False,False,True,False,False
9,Star Wars: Episode VIII - The Last Jedi (2017),Walt Disney Studios Motion Pictures,620181382.0,712517448.0,1332698830.0,"['Action', 'Adventure', 'Fantasy', 'Sci-Fi']",152.0,69.0,61.8,55.800000000000004,62.2,54.5,29.208114975634018,29.408350102154678,30.311703643748018,False,False,False,False,False,False,True,False,False,False,False,False,True,False,True,False,False,True,False,False
10,Incredibles 2 (2018),Walt Disney Studios Motion Pictures,608581744.0,634507500.0,1243089244.0,"['Action', 'Adventure', 'Animation', 'Comedy', 'Family', 'Sci-Fi']",118.0,76.0,69.80000000000001,63.2,69.7,56.7,29.180875816192128,29.241061976197365,30.21128272821611,False,True,True,False,False,False,True,False,False,False,False,True,False,False,True,False,False,True,False,False
11,The Lion King (2019),Walt Disney Studios Motion Pictures,543638043.0,1119261396.0,1662899439.0,"['Adventure', 'Animation', 'Drama', 'Family', 'Musical']",118.0,68.0,56.8,43.2,56.0,57.2,29.01807117643862,30.059899861411534,30.631053780733744,False,False,True,True,False,True,False,False,False,False,True,True,False,False,False,False,False,True,False,False
13,Rogue One: A Star Wars Story (2016),Walt Disney Studios Motion Pictures,532177324.0,523880396.0,1056057720.0,"['Action', 'Adventure', 'Sci-Fi']",133.0,78.0,73.4,62.6,71.3,54.2,28.987331797738403,28.96466223537815,29.97604154292699,False,False,False,False,False,False,True,False,False,False,False,False,False,False,True,False,False,True,False,False
14,Star Wars: Episode IX - The Rise of Skywalker (2019),Walt Disney Studios Motion Pictures,515202542.0,558946737.0,1074149279.0,"['Action', 'Adventure', 'Fantasy', 'Sci-Fi']",141.0,65.0,50.4,43.4,52.9,45.3,28.94056447080016,29.058135571814837,30.000547358582672,False,False,False,False,False,False,True,False,False,False,False,False,True,False,True,False,False,True,False,False
15,Beauty and the Beast (2017),Walt Disney Studios Motion Pictures,504481165.0,769095055.0,1273576220.0,"['Adventure', 'Family', 'Fantasy', 'Musical', 'Romance']",129.0,71.0,62.4,48.8,60.7,52.7,28.910225165856996,29.518586675754474,30.246238157473897,False,False,False,True,False,True,False,False,False,True,False,True,True,False,False,False,False,True,False,False
16,Finding Dory (2016),Walt Disney Studios Motion Pictures,486295561.0,542275381.0,1028570942.0,"['Adventure', 'Animation', 'Comedy', 'Family']",97.0,73.0,65.8,60.8,66.5,51.3,28.857258181536057,29.01445043338814,29.937994156008543,False,True,True,False,False,False,False,False,False,False,False,True,False,False,False,False,False,True,False,False
17,Frozen II (2019),Walt Disney Studios Motion Pictures,477373578.0,972653355.0,1450026933.0,"['Adventure', 'Animation', 'Comedy', 'Family', 'Fantasy', 'Musical']",103.0,68.0,64.60000000000001,52.800000000000004,61.8,56.4,28.830543476454352,29.85735049203129,30.433432551291762,False,True,True,True,False,True,False,False,False,False,False,True,True,False,False,False,False,True,False,False
18,Star Wars: Episode I - The Phantom Menace (1999),Twentieth Century Fox,474544677.0,552538030.0,1027082707.0,"['Action', 'Adventure', 'Fantasy', 'Sci-Fi']",136.0,65.0,55.99999999999999,46.8,55.9,46.0,28.821968678278072,29.041498524606077,29.935905214974785,False,False,False,False,False,False,True,False,False,False,False,False,True,False,True,False,False,True,False,False
19,Star Wars: Episode IV - A New Hope (1977),Twentieth Century Fox,460998507.0,195751992.0,775398007.0,"['Action', 'Adventure', 'Fantasy', 'Sci-Fi']",121.0,86.0,84.00000000000001,77.60000000000001,82.5,54.9,28.78018683741689,27.544451747759016,29.530361786043922,False,False,False,False,False,False,True,False,False,False,False,False,True,False,True,False,False,True,False,False
20,Avengers: Age of Ultron (2015),Walt Disney Studios Motion Pictures,459005868.0,943803672.0,1402809540.0,"['Action', 'Adventure', 'Sci-Fi']",141.0,73.0,62.8,52.400000000000006,62.7,56.0,28.7739373564861,29.81391154359112,30.385672000969844,False,False,False,False,False,False,True,False,False,False,False,False,False,False,True,False,False,True,False,False
22,Shrek 2 (2004),DreamWorks Distribution,441226247.0,487534523.0,928760770.0,"['Adventure', 'Animation', 'Comedy', 'Family', 'Fantasy', 'Romance']",93.0,73.0,79.0,62.4,71.5,52.1,28.71694337344262,28.860929140827675,29.790731794478802,False,True,True,False,False,False,False,False,False,True,False,True,True,False,False,False,False,True,False,False
23,E.T. the Extra-Terrestrial (1982),Universal Pictures,435110554.0,304203888.0,792910554.0,"['Adventure', 'Family', 'Sci-Fi']",115.0,79.0,76.8,64.8,73.5,50.7,28.696806770274737,28.180463351222695,29.562582887854308,False,False,False,False,False,False,False,False,False,False,False,True,False,False,True,False,False,True,False,False
24,Toy Story 4 (2019),Walt Disney Studios Motion Pictures,434038008.0,639356585.0,1073394593.0,"['Adventure', 'Animation', 'Comedy', 'Family', 'Fantasy']",100.0,77.0,70.39999999999999,66.8,71.4,54.5,28.693246141750645,29.252045541484883,29.999533379954674,False,True,True,False,False,False,False,False,False,False,False,True,True,False,False,False,False,True,False,False
25,Captain Marvel (2019),Walt Disney Studios Motion Pictures,426829839.0,701633133.0,1128462972.0,"['Action', 'Adventure', 'Sci-Fi']",123.0,68.0,58.20000000000001,53.2,59.8,49.7,28.669085795318782,29.38614163642278,30.071711934466922,False,False,False,False,False,False,True,False,False,False,False,False,False,False,True,False,False,True,False,False
26,The Hunger Games: Catching Fire (2013),Lionsgate,424668047.0,440343699.0,865011746.0,"['Action', 'Adventure', 'Drama', 'Sci-Fi', 'Thriller']",146.0,75.0,72.6,58.8,68.8,49.6,28.661760320176786,28.714054781212177,29.688144482346406,False,False,False,False,False,False,True,False,False,False,True,False,False,False,True,True,False,True,False,False
27,Pirates of the Caribbean: Dead Man's Chest (2006),Walt Disney Studios Motion Pictures,423315812.0,642863935.0,1066179747.0,"['Action', 'Adventure', 'Fantasy']",151.0,73.0,70.39999999999999,55.99999999999999,66.5,52.0,28.65715913735584,29.25993817616505,29.98980353621555,False,False,False,False,False,False,True,False,False,False,False,False,True,False,False,False,False,True,False,False
28,The Lion King (1994),Walt Disney Studios Motion Pictures,422783777.0,640828028.0,1063611805.0,"['Adventure', 'Animation', 'Drama', 'Family', 'Musical']",88.0,85.0,83.80000000000001,73.2,80.7,59.0,28.65534477798911,29.255362007613808,29.986324548818402,False,False,True,True,False,True,False,False,False,False,True,True,False,False,False,False,False,True,False,False
29,Jurassic World: Fallen Kingdom (2018),Universal Pictures,417719760.0,892746536.0,1310466296.0,"['Action', 'Adventure', 'Sci-Fi']",128.0,61.0,52.6,41.6,51.7,48.9,28.637960150097157,29.733675390032538,30.287433103326805,False,False,False,False,False,False,True,False,False,False,False,False,False,False,True,False,False,True,False,False
30,Toy Story 3 (2010),Walt Disney Studios Motion Pictures,415004880.0,651965931.0,1066970811.0,"['Adventure', 'Animation', 'Comedy', 'Family', 'Fantasy']",103.0,83.0,79.4,75.4,79.3,58.4,28.62855306016185,29.280221336344297,29.990873563043113,False,True,True,False,False,False,False,False,False,False,False,True,True,False,False,False,False,True,False,False
31,Wonder Woman (2017),Warner Bros.,412815408.0,410009114.0,822824522.0,"['Action', 'Adventure', 'Fantasy', 'Sci-Fi', 'War']",141.0,74.0,67.6,56.2,65.9,47.4,28.62092157828629,28.611080738528308,29.616009549121955,False,False,False,False,False,False,True,True,False,False,False,False,True,False,True,False,False,True,False,False
32,Iron Man 3 (2013),Walt Disney Studios Motion Pictures,409013994.0,805797258.0,1214811252.0,"['Action', 'Adventure', 'Sci-Fi']",130.0,71.0,61.8,55.00000000000001,62.6,52.6,28.60757496346158,29.585841655331834,30.178085030404254,False,False,False,False,False,False,True,False,False,False,False,False,False,False,True,False,False,True,False,False
33,Captain America: Civil War (2016),Walt Disney Studios Motion Pictures,408084349.0,745253147.0,1153337496.0,"['Action', 'Adventure', 'Sci-Fi']",147.0,78.0,72.39999999999999,62.0,70.8,55.7,28.604292139988786,29.473155321434373,30.1031675981627,False,False,False,False,False,False,True,False,False,False,False,False,False,False,True,False,False,True,False,False
34,The Hunger Games (2012),Lionsgate,408010692.0,286384032.0,694394724.0,"['Action', 'Adventure', 'Sci-Fi', 'Thriller']",142.0,72.0,71.0,53.800000000000004,65.6,45.0,28.604031717896806,28.093375813165313,29.3711807453491,False,False,False,False,False,False,True,False,False,False,False,False,False,False,True,True,False,True,False,False
35,Spider-Man (2002),Sony Pictures Entertainment (SPE),407022860.0,418002176.0,825025036.0,"['Action', 'Adventure', 'Sci-Fi']",121.0,74.0,75.2,62.6,70.6,49.8,28.60053458327709,28.638935211683137,29.61986265877857,False,False,False,False,False,False,True,False,False,False,False,False,False,False,True,False,False,True,False,False
36,Jumanji: Welcome to the Jungle (2017),Sony Pictures Entertainment (SPE),404540171.0,558002774.0,962542945.0,"['Action', 'Adventure', 'Comedy', 'Fantasy']",119.0,69.0,62.8,54.400000000000006,62.1,48.0,28.59170772905932,29.05569705324314,29.84227566878744,False,True,False,False,False,False,True,False,False,False,False,False,True,False,False,False,False,True,False,False
37,Jurassic Park (1993),Universal Pictures,404214720.0,629713583.0,1033928303.0,"['Action', 'Adventure', 'Sci-Fi', 'Thriller']",127.0,82.0,82.0,70.6,78.2,57.3,28.59054661937251,29.230120545896515,29.945489000477945,False,False,False,False,False,False,True,False,False,False,False,False,False,False,True,True,False,True,False,False
38,Transformers: Revenge of the Fallen (2009),DreamWorks,402111870.0,434191823.0,836303693.0,"['Action', 'Adventure', 'Sci-Fi']",149.0,59.00000000000001,45.800000000000004,31.0,45.3,37.3,28.58302168299489,28.693757315479335,29.639451692820856,False,False,False,False,False,False,True,False,False,False,False,False,False,False,True,False,False,True,False,False
39,Frozen (2013),Walt Disney Studios Motion Pictures,400953009.0,880555091.0,1281508100.0,"['Adventure', 'Animation', 'Comedy', 'Family', 'Fantasy', 'Musical']",102.0,74.0,67.6,55.400000000000006,65.7,55.4,28.578857924319838,29.71383802667176,30.255195451455315,False,True,True,True,False,True,False,False,False,False,False,True,True,False,False,False,False,True,False,False
40,Spider-Man: Far from Home (2019),Sony Pictures Entertainment (SPE),390532085.0,741395911.0,1131927996.0,"['Action', 'Adventure', 'Sci-Fi']",129.0,74.0,69.6,61.0,68.2,54.0,28.540865840036844,29.46566891742256,30.0761350426175,False,False,False,False,False,False,True,False,False,False,False,False,False,False,True,False,False,True,False,False
41,Guardians of the Galaxy Vol. 2 (2017),Walt Disney Studios Motion Pictures,389813101.0,473942950.0,863756051.0,"['Action', 'Adventure', 'Comedy', 'Sci-Fi']",136.0,76.0,70.8,64.2,70.3,50.3,28.53820733720141,28.82013816694483,29.68604867136346,False,True,False,False,False,False,True,False,False,False,False,False,False,False,True,False,False,True,False,False
42,Harry Potter and the Deathly Hallows: Part 2 (2011),Warner Bros.,381409310.0,960912354.0,1342321665.0,"['Adventure', 'Fantasy', 'Mystery']",130.0,81.0,78.8,60.6,73.5,60.3,28.506764818604054,29.8398296061062,30.322083284759252,True,False,False,False,False,False,False,False,False,False,False,False,True,False,False,False,False,True,False,False
43,Finding Nemo (2003),Walt Disney Studios Motion Pictures,380843261.0,559509384.0,940352645.0,"['Adventure', 'Animation', 'Comedy', 'Family']",100.0,82.0,80.80000000000001,71.0,77.9,55.5,28.504622126624042,29.059587087149062,29.80862664757531,False,True,True,False,False,False,False,False,False,False,False,True,False,False,False,False,False,True,False,False
44,Star Wars: Episode III - Revenge of the Sith (2005),Twentieth Century Fox,380270577.0,488119983.0,868390560.0,"['Action', 'Adventure', 'Fantasy', 'Sci-Fi']",140.0,76.0,73.0,59.599999999999994,69.5,50.0,28.50245107551062,28.862660574106208,29.693768802054247,False,False,False,False,False,False,True,False,False,False,False,False,True,False,True,False,False,True,False,False
45,The Lord of the Rings: The Return of the King (2003),New Line Cinema,377845905.0,768185007.0,1146030912.0,"['Action', 'Adventure', 'Drama', 'Fantasy']",201.0,90.0,88.6,78.2,85.6,62.9,28.493222746406683,29.51687856553774,30.093998812555462,False,False,False,False,False,False,True,False,False,False,True,False,True,False,False,False,False,True,False,False
46,Spider-Man 2 (2004),Sony Pictures Entertainment (SPE),373585825.0,415390628.0,788976453.0,"['Action', 'Adventure', 'Sci-Fi']",127.0,74.0,77.4,66.2,72.5,50.1,28.47686447487942,28.62989342571369,29.55540700275074,False,False,False,False,False,False,True,False,False,False,False,False,False,False,True,False,False,True,False,False
48,The Secret Life of Pets (2016),Universal Pictures,368384330.0,507074301.0,875458631.0,"['Adventure', 'Animation', 'Comedy', 'Family']",87.0,65.0,55.99999999999999,50.2,57.1,43.9,28.45663645377434,28.91762191822173,29.70546376612866,False,True,True,False,False,False,False,False,False,False,False,True,False,False,False,False,False,True,False,False
49,Despicable Me 2 (2013),Universal Pictures,368065385.0,602700620.0,970766005.0,"['Adventure', 'Animation', 'Comedy', 'Crime', 'Family', 'Sci-Fi']",98.0,73.0,60.8,52.6,62.1,48.1,28.455386835805285,29.166866307996894,29.854548347113447,False,True,True,False,False,False,False,False,False,False,False,True,False,True,True,False,False,True,False,False
50,The Jungle Book (2016),Walt Disney Studios Motion Pictures,364001123.0,602553806.0,966554929.0,"['Adventure', 'Drama', 'Family', 'Fantasy']",106.0,74.0,64.4,59.00000000000001,65.8,49.9,28.43936766046801,29.16651483394094,29.84827648175176,False,False,False,False,False,False,False,False,False,False,True,True,True,False,False,False,False,True,False,False
51,Deadpool (2016),Twentieth Century Fox,363070709.0,419766082.0,782836791.0,"['Action', 'Adventure', 'Comedy', 'Sci-Fi']",108.0,80.0,74.0,61.0,71.7,49.6,28.435675303434227,28.645010357583892,29.544136319031388,False,True,False,False,False,False,True,False,False,False,False,False,False,False,True,False,False,True,False,False
52,Inside Out (2015),Walt Disney Studios Motion Pictures,356921711.0,501926308.0,858848019.0,"['Adventure', 'Animation', 'Comedy', 'Drama', 'Family', 'Fantasy', 'Sci-Fi']",95.0,82.0,77.2,72.8,77.3,53.7,28.41103242008059,28.902900324695118,29.677827614986395,False,True,True,False,False,False,False,False,False,False,True,True,True,False,True,False,False,True,False,False
53,Aladdin (2019),Walt Disney Studios Motion Pictures,355559216.0,695134737.0,1050693953.0,"['Adventure', 'Comedy', 'Family', 'Fantasy', 'Musical', 'Romance']",128.0,69.0,61.0,49.2,59.7,48.3,28.40551461012558,29.372717399614004,29.968695355077113,False,True,False,True,False,True,False,False,False,True,False,True,True,False,False,False,False,True,False,False
55,Transformers: Dark of the Moon (2011),DreamWorks,352390543.0,771403536.0,1123794079.0,"['Action', 'Adventure', 'Sci-Fi']",154.0,62.0,49.2,36.199999999999996,49.1,44.3,28.39259996669981,29.52291051818195,30.065730558208774,False,False,False,False,False,False,True,False,False,False,False,False,False,False,True,False,False,True,False,False
57,The Lord of the Rings: The Two Towers (2002),New Line Cinema,342551365.0,604943730.0,947495095.0,"['Action', 'Adventure', 'Drama', 'Fantasy']",179.0,88.00000000000001,86.6,76.4,83.7,58.5,28.351745093083334,29.172225712683797,29.819543233847018,False,False,False,False,False,False,True,False,False,False,True,False,True,False,False,False,False,True,False,False
58,Zootopia (2016),Walt Disney Studios Motion Pictures,341268248.0,682852856.0,1024121104.0,"['Adventure', 'Animation', 'Comedy', 'Crime', 'Family', 'Mystery']",108.0,80.0,74.4,68.8,74.4,55.2,28.346330949732838,29.346999493120315,29.93173918046635,True,True,True,False,False,False,False,False,False,False,False,True,False,True,False,False,False,True,False,False
59,The Hunger Games: Mockingjay - Part 1 (2014),Lionsgate,337135885.0,418220826.0,755356711.0,"['Action', 'Adventure', 'Sci-Fi', 'Thriller']",123.0,65.99999999999999,63.2,49.800000000000004,59.7,43.1,28.328754956151567,28.63968966420866,29.492582865335077,False,False,False,False,False,False,True,False,False,False,False,False,False,False,True,True,False,True,False,False
60,Spider-Man 3 (2007),Sony Pictures Entertainment (SPE),336530303.0,558453070.0,894983373.0,"['Action', 'Adventure', 'Sci-Fi']",139.0,63.0,59.80000000000001,48.4,57.1,44.3,28.326161177811056,29.056860806999904,29.737285639338065,False,False,False,False,False,False,True,False,False,False,False,False,False,False,True,False,False,True,False,False
61,Minions (2015),Universal Pictures,336045770.0,823398892.0,1159444662.0,"['Adventure', 'Animation', 'Comedy', 'Crime', 'Family', 'Sci-Fi']",91.0,64.0,53.800000000000004,41.8,53.2,47.0,28.32408250298083,29.617016266408577,30.110786818633095,False,True,True,False,False,False,False,False,False,False,False,True,False,True,True,False,False,True,False,False
63,Aquaman (2018),Warner Bros.,335061807.0,813424079.0,1148485886.0,"['Action', 'Adventure', 'Fantasy', 'Sci-Fi']",143.0,68.0,58.4,50.8,59.1,49.7,28.319852005199643,29.599432457225866,30.097085981208913,False,False,False,False,False,False,True,False,False,False,False,False,True,False,True,False,False,True,False,False
64,Spider-Man: Homecoming (2017),Sony Pictures Entertainment (SPE),334201140.0,545965784.0,880166924.0,"['Action', 'Adventure', 'Sci-Fi']",133.0,74.0,71.39999999999999,63.2,69.5,50.2,28.31614141371147,29.024235298521866,29.713201916473512,False,False,False,False,False,False,True,False,False,False,False,False,False,False,True,False,False,True,False,False
65,Alice in Wonderland (2010),Walt Disney Studios Motion Pictures,334191110.0,691277106.0,1025468216.0,"['Adventure', 'Family', 'Fantasy', 'Mystery']",108.0,64.0,60.8,44.2,56.3,46.2,28.316098115090753,29.36468890576642,29.93363563070915,True,False,False,False,False,False,False,False,False,False,False,True,True,False,False,False,False,True,False,False
66,Guardians of the Galaxy (2014),Walt Disney Studios Motion Pictures,333718600.0,439631547.0,773350147.0,"['Action', 'Adventure', 'Comedy', 'Sci-Fi']",121.0,80.0,76.0,66.8,74.3,50.7,28.314056857306092,28.711719673746984,29.526546525078935,False,True,False,False,False,False,True,False,False,False,False,False,False,False,True,False,False,True,False,False
68,Batman v Superman: Dawn of Justice (2016),Warner Bros.,330360194.0,543277334.0,873637528.0,"['Action', 'Adventure', 'Sci-Fi']",152.0,64.0,49.400000000000006,41.8,51.7,41.2,28.299464622071504,29.017113616879485,29.702459589139433,False,False,False,False,False,False,True,False,False,False,False,False,False,False,True,False,False,True,False,False
70,Suicide Squad (2016),Warner Bros.,325100054.0,421746840.0,746846894.0,"['Action', 'Adventure', 'Fantasy', 'Sci-Fi']",123.0,59.00000000000001,42.400000000000006,32.599999999999994,44.7,35.5,28.276308554762743,28.651802018048233,29.47623727533098,False,False,False,False,False,False,True,False,False,False,False,False,True,False,True,False,False,True,False,False
71,Deadpool 2 (2018),Twentieth Century Fox,324591735.0,461304874.0,785896609.0,"['Action', 'Adventure', 'Comedy', 'Sci-Fi']",119.0,77.0,70.19999999999999,62.2,69.8,48.7,28.27405102446131,28.781145294638133,29.549764285966685,False,True,False,False,False,False,True,False,False,False,False,False,False,False,True,False,False,True,False,False
72,Shrek the Third (2007),DreamWorks,322719944.0,490647436.0,813367380.0,"['Adventure', 'Animation', 'Comedy', 'Family', 'Fantasy', 'Romance']",93.0,61.0,55.199999999999996,43.2,53.1,40.8,28.265707497818678,28.8701114800993,29.599331891949713,False,True,True,False,False,False,False,False,False,True,False,True,True,False,False,False,False,True,False,False
73,Jumanji: The Next Level (2019),Sony Pictures Entertainment (SPE),320314960.0,479744747.0,800059707.0,"['Action', 'Adventure', 'Comedy', 'Fantasy']",123.0,67.0,59.599999999999994,53.0,59.9,44.0,28.254915938459714,28.837691768711757,29.575532428822058,False,True,False,False,False,False,True,False,False,False,False,False,True,False,False,False,False,True,False,False
74,Transformers (2007),DreamWorks,319246193.0,390463587.0,709709780.0,"['Action', 'Adventure', 'Sci-Fi']",144.0,70.0,59.80000000000001,42.800000000000004,57.5,41.2,28.250094175040154,28.540612774037356,29.40265394631917,False,False,False,False,False,False,True,False,False,False,False,False,False,False,True,False,False,True,False,False
75,Iron Man (2008),Paramount Pictures,319034126.0,266762121.0,585796247.0,"['Action', 'Adventure', 'Sci-Fi']",126.0,79.0,74.2,63.2,72.1,46.3,28.249135511545802,27.990978584072888,29.125823709482734,False,False,False,False,False,False,True,False,False,False,False,False,False,False,True,False,False,True,False,False
76,Harry Potter and the Sorcerer's Stone (2001),Warner Bros.,318087620.0,698725454.0,1016813075.0,"['Adventure', 'Family', 'Fantasy']",152.0,76.0,75.8,59.400000000000006,70.4,53.1,28.24484898224269,29.38015045653311,29.921407340893758,False,False,False,False,False,False,False,False,False,False,False,True,True,False,False,False,False,True,False,False
77,Indiana Jones and the Kingdom of the Crystal Skull (2008),Paramount Pictures,317101119.0,473552823.0,790653942.0,"['Action', 'Adventure']",122.0,62.0,51.6,44.800000000000004,52.8,40.3,28.24036772759364,28.818950120863647,29.558471144816956,False,False,False,False,False,False,True,False,False,False,False,False,False,False,False,False,False,True,False,False
78,The Lord of the Rings: The Fellowship of the Ring (2001),New Line Cinema,315710750.0,581979322.0,897690072.0,"['Action', 'Adventure', 'Drama', 'Fantasy']",178.0,88.00000000000001,86.6,78.2,84.3,57.9,28.23402814457604,29.116392653507333,29.741642198758008,False,False,False,False,False,False,True,False,False,False,True,False,True,False,False,False,False,True,False,False
79,Thor: Ragnarok (2017),Walt Disney Studios Motion Pictures,315058289.0,538925622.0,853983911.0,"['Action', 'Adventure', 'Comedy', 'Fantasy', 'Sci-Fi']",130.0,79.0,77.0,66.60000000000001,74.2,52.1,28.23104352571686,29.005510937130364,29.669633648922225,False,True,False,False,False,False,True,False,False,False,False,False,True,False,True,False,False,True,False,False
80,Iron Man 2 (2010),Paramount Pictures,312433331.0,311500000.0,623933331.0,"['Action', 'Adventure', 'Sci-Fi']",124.0,69.0,58.4,50.4,59.3,40.6,28.21897313032315,28.214656922348176,29.216816640471343,False,False,False,False,False,False,True,False,False,False,False,False,False,False,True,False,False,True,False,False
81,Star Wars: Episode II - Attack of the Clones (2002),Twentieth Century Fox,310676740.0,343103230.0,653779970.0,"['Action', 'Adventure', 'Fantasy', 'Sci-Fi']",142.0,65.99999999999999,54.6,45.0,55.2,39.1,28.210838991730814,28.354067466699647,29.284229936717495,False,False,False,False,False,False,True,False,False,False,False,False,True,False,True,False,False,True,False,False
82,Pirates of the Caribbean: At World's End (2007),Walt Disney Studios Motion Pictures,309420425.0,651576067.0,960996492.0,"['Action', 'Adventure', 'Fantasy']",169.0,71.0,66.39999999999999,51.2,62.9,48.3,28.204993192064325,29.279358372393684,29.839955923725977,False,False,False,False,False,False,True,False,False,False,False,False,True,False,False,False,False,True,False,False
83,Star Wars: Episode VI - Return of the Jedi (1983),Twentieth Century Fox,309306177.0,122009457.0,475106177.0,"['Action', 'Adventure', 'Fantasy', 'Sci-Fi']",131.0,83.0,80.19999999999999,73.0,78.7,47.7,28.20446040415971,26.862417735069265,28.82367472288688,False,False,False,False,False,False,True,False,False,False,False,False,True,False,True,False,False,True,False,False
84,Independence Day (1996),Twentieth Century Fox,306169268.0,511231623.0,817400891.0,"['Action', 'Adventure', 'Sci-Fi']",145.0,70.0,65.6,51.0,62.2,45.5,28.18975423746534,28.929401838212893,29.60646857505422,False,False,False,False,False,False,True,False,False,False,False,False,False,False,True,False,False,True,False,False
85,Pirates of the Caribbean: The Curse of the Black Pearl (2003),Walt Disney Studios Motion Pictures,305413918.0,348850097.0,654264015.0,"['Action', 'Adventure', 'Fantasy']",143.0,81.0,77.4,65.19999999999999,74.5,48.7,28.18619056770404,28.378031993891696,29.28529768269691,False,False,False,False,False,False,True,False,False,False,False,False,True,False,False,False,False,True,False,False
86,Skyfall (2012),Sony Pictures Entertainment (SPE),304360277.0,804209222.0,1108569499.0,"['Action', 'Adventure', 'Thriller']",143.0,78.0,76.6,66.39999999999999,73.7,56.3,28.181204839639832,29.582995638954387,30.046052073194296,False,False,False,False,False,False,True,False,False,False,False,False,False,False,False,True,False,True,False,False
87,The Hobbit: An Unexpected Journey (2012),Warner Bros.,303003568.0,714000000.0,1017003568.0,"['Adventure', 'Fantasy']",169.0,78.0,68.2,60.199999999999996,68.8,52.3,28.174759541264446,29.411348833353273,29.92167759466336,False,False,False,False,False,False,False,False,False,False,False,False,True,False,False,False,False,True,False,False
88,Harry Potter and the Half-Blood Prince (2009),Warner Bros.,302305431.0,632148664.0,934454096.0,"['Action', 'Adventure', 'Family', 'Fantasy', 'Mystery']",153.0,76.0,73.4,57.599999999999994,69.0,50.9,28.171431656709526,29.23568863964377,29.799548554048727,True,False,False,False,False,False,True,False,False,False,False,True,True,False,False,False,False,True,False,False
89,The Twilight Saga: Eclipse (2010),Summit Entertainment,300531751.0,397959596.0,698491347.0,"['Action', 'Adventure', 'Drama', 'Fantasy', 'Romance', 'Thriller']",124.0,50.0,52.800000000000004,34.199999999999996,45.7,35.1,28.16294217795688,28.56804672351256,29.379667002553948,False,False,False,False,False,False,True,False,False,True,True,False,True,False,False,True,False,True,False,False
90,The Twilight Saga: New Moon (2009),Summit Entertainment,297816253.0,413209228.0,711025481.0,"['Adventure', 'Drama', 'Fantasy', 'Romance']",130.0,47.0,52.6,31.8,43.8,34.4,28.149847248689362,28.622297232665805,29.405326021691298,False,False,False,False,False,False,False,False,False,True,True,False,True,False,False,False,False,True,False,False
91,Harry Potter and the Deathly Hallows: Part 1 (2010),Warner Bros.,296347721.0,680695761.0,977043483.0,"['Adventure', 'Family', 'Fantasy', 'Mystery']",146.0,77.0,74.2,60.6,70.6,52.5,28.142715721903425,29.34243488454454,29.863847529391325,True,False,False,False,False,False,False,False,False,False,False,True,True,False,False,False,False,True,False,False
93,Up (2009),Walt Disney Studios Motion Pictures,293004164.0,442094938.0,735099102.0,"['Adventure', 'Animation', 'Comedy', 'Drama', 'Family']",96.0,83.0,81.8,74.4,79.7,52.8,28.126345926611485,28.71978097458494,29.453363518335014,False,True,True,False,False,False,False,False,False,False,True,True,False,False,False,False,False,True,False,False
94,Star Wars: Episode V - The Empire Strikes Back (1980),Twentieth Century Fox,292753960.0,190685234.0,538375067.0,"['Action', 'Adventure', 'Fantasy', 'Sci-Fi']",124.0,86.99999999999999,87.79999999999998,81.8,85.5,52.2,28.125113444885073,27.50661788979854,29.00403635710736,False,False,False,False,False,False,True,False,False,False,False,False,True,False,True,False,False,True,False,False
95,Inception (2010),Warner Bros.,292576195.0,544260772.0,836836967.0,"['Action', 'Adventure', 'Sci-Fi', 'Thriller']",148.0,88.00000000000001,83.6,71.8,81.1,55.2,28.12423715074701,29.019722815590818,29.640371342674186,False,False,False,False,False,False,True,False,False,False,False,False,False,False,True,True,False,True,False,False
96,Harry Potter and the Order of the Phoenix (2007),Warner Bros.,292353413.0,649818982.0,942172396.0,"['Action', 'Adventure', 'Family', 'Fantasy', 'Mystery']",138.0,75.0,73.4,57.00000000000001,68.5,50.8,28.12313819286304,29.27546264625242,29.81141582328761,True,False,False,False,False,False,True,False,False,False,False,True,True,False,False,False,False,True,False,False
97,The Twilight Saga: Breaking Dawn - Part 2 (2012),Lionsgate,292324737.0,537422917.0,829747654.0,"['Adventure', 'Drama', 'Fantasy', 'Romance']",115.0,55.00000000000001,56.60000000000001,35.4,49.0,39.1,28.1229966766356,29.001482601732665,29.628097404381865,False,False,False,False,False,False,False,False,False,True,True,False,True,False,False,False,False,True,False,False
98,"The Chronicles of Narnia: The Lion, the Witch and the Wardrobe (2005)",Walt Disney Studios Motion Pictures,291710957.0,453302158.0,745013115.0,"['Adventure', 'Family', 'Fantasy']",143.0,69.0,68.8,51.2,63.0,44.6,28.11996433564244,28.75589778846418,29.472690581692383,False,False,False,False,False,False,False,False,False,False,False,True,True,False,False,False,False,True,False,False
99,Man of Steel (2013),Warner Bros.,291045518.0,377000000.0,668045518.0,"['Action', 'Adventure', 'Sci-Fi']",143.0,71.0,59.400000000000006,47.599999999999994,59.3,41.4,28.116669559852703,28.489989282592838,29.3153711647258,False,False,False,False,False,False,True,False,False,False,False,False,False,False,True,False,False,True,False,False
100,"Monsters, Inc. (2001)",Walt Disney Studios Motion Pictures,290642256.0,289065482.0,579707738.0,"['Adventure', 'Animation', 'Comedy', 'Family', 'Fantasy']",92.0,81.0,81.4,72.8,78.4,49.4,28.114669228380087,28.106821102536454,29.110750502085345,False,True,True,False,False,False,False,False,False,False,False,True,True,False,False,False,False,True,False,False
101,Harry Potter and the Goblet of Fire (2005),Warner Bros.,290417905.0,606260335.0,896678241.0,"['Adventure', 'Family', 'Fantasy', 'Mystery']",157.0,77.0,76.2,59.400000000000006,70.9,51.2,28.113555160980784,29.175362195308555,29.740015148491835,True,False,False,False,False,False,False,False,False,False,False,True,True,False,False,False,False,True,False,False
103,The Hunger Games: Mockingjay - Part 2 (2015),Lionsgate,281723902.0,376620235.0,658344137.0,"['Action', 'Adventure', 'Sci-Fi', 'Thriller']",137.0,65.0,64.4,49.6,59.7,41.4,28.069706729038263,28.488535274053433,29.294266681899302,False,False,False,False,False,False,True,False,False,False,False,False,False,False,True,True,False,True,False,False
105,The Twilight Saga: Breaking Dawn - Part 1 (2011),Summit Entertainment,281287133.0,430918723.0,712205856.0,"['Adventure', 'Drama', 'Fantasy', 'Romance', 'Thriller']",117.0,49.00000000000001,52.800000000000004,31.4,44.4,34.7,28.06746831963756,28.682840542607366,29.407719057180422,False,False,False,False,False,False,False,False,False,True,True,False,True,False,False,True,False,True,False,False
109,The Grinch (2018),Universal Pictures,271094731.0,241474088.0,512568819.0,"['Adventure', 'Animation', 'Comedy', 'Family', 'Fantasy', 'Musical']",85.0,64.0,57.199999999999996,49.6,56.9,37.5,28.014221832311254,27.84729314435219,28.933170477208854,False,True,True,True,False,True,False,False,False,False,False,True,True,False,False,False,False,True,False,False
111,Monsters University (2013),Walt Disney Studios Motion Pictures,268492764.0,475066881.0,743559645.0,"['Adventure', 'Animation', 'Comedy', 'Family', 'Fantasy']",104.0,72.0,66.60000000000001,60.0,66.2,46.2,28.00030796655731,28.823555392741955,29.469873232505535,False,True,True,False,False,False,False,False,False,False,False,True,True,False,False,False,False,True,False,False
112,Shrek (2001),DreamWorks Distribution,267665011.0,220188309.0,487853320.0,"['Adventure', 'Animation', 'Comedy', 'Family', 'Fantasy', 'Romance']",90.0,79.0,80.80000000000001,67.19999999999999,75.7,46.4,27.995853322224402,27.714162629474917,28.86187220541604,False,True,True,False,False,False,False,False,False,True,False,True,True,False,False,False,False,True,False,False
113,Despicable Me 3 (2017),Universal Pictures,264624300.0,770175831.0,1034800131.0,"['Adventure', 'Animation', 'Comedy', 'Crime', 'Family', 'Sci-Fi']",89.0,62.0,51.4,45.199999999999996,52.9,44.6,27.97937030703374,29.520612609520807,29.946704995758815,False,True,True,False,False,False,False,False,False,False,False,True,False,True,True,False,False,True,False,False
114,Harry Potter and the Chamber of Secrets (2002),Warner Bros.,262450136.0,617152229.0,879602366.0,"['Adventure', 'Family', 'Fantasy', 'Mystery']",161.0,74.0,72.39999999999999,57.599999999999994,68.0,49.4,27.967468104243224,29.201051152744284,29.712276243932838,True,False,False,False,False,False,False,False,False,False,False,True,True,False,False,False,False,True,False,False
115,The Amazing Spider-Man (2012),Sony Pictures Entertainment (SPE),262030663.0,495900000.0,757930663.0,"['Action', 'Adventure', 'Sci-Fi']",136.0,69.0,65.19999999999999,50.6,61.6,44.1,27.96516040586008,28.885473984450282,29.49749063292867,False,False,False,False,False,False,True,False,False,False,False,False,False,False,True,False,False,True,False,False
116,The Incredibles (2004),Walt Disney Studios Motion Pictures,261441092.0,370165961.0,631607053.0,"['Action', 'Adventure', 'Animation', 'Family']",115.0,80.0,81.4,72.39999999999999,77.9,50.0,27.96191067362726,28.463596995867864,29.23445204060628,False,False,True,False,False,False,True,False,False,False,False,True,False,False,False,False,False,True,False,False
117,Jaws (1975),Universal Pictures,260758300.0,210653000.0,471411300.0,"['Adventure', 'Thriller']",124.0,81.0,79.60000000000001,73.8,78.1,47.3,27.95813793390823,27.65029322118612,28.81241110033138,False,False,False,False,False,False,False,False,False,False,False,False,False,False,False,True,False,True,False,False
119,Captain America: The Winter Soldier (2014),Walt Disney Studios Motion Pictures,259766572.0,454654931.0,714421503.0,"['Action', 'Adventure', 'Sci-Fi', 'Thriller']",136.0,78.0,75.2,65.0,72.7,48.9,27.952640548958225,28.760196758902968,29.4122002631367,False,False,False,False,False,False,True,False,False,False,False,False,False,False,True,True,False,True,False,False
120,The Hobbit: The Desolation of Smaug (2013),Warner Bros.,258366855.0,700640658.0,959007513.0,"['Adventure', 'Fantasy']",161.0,78.0,67.0,56.60000000000001,67.2,50.4,27.944845762589672,29.384099468896043,29.83696687666283,False,False,False,False,False,False,False,False,False,False,False,False,True,False,False,False,False,True,False,False
121,The Lego Movie (2014),Warner Bros.,257760692.0,210300000.0,468060692.0,"['Action', 'Adventure', 'Animation', 'Comedy', 'Family', 'Fantasy', 'Sci-Fi']",100.0,77.0,75.2,70.8,74.3,45.4,27.941457031407896,27.64787360916859,28.802120370895516,False,True,True,False,False,False,True,False,False,False,False,True,True,False,True,False,False,True,False,False
122,Star Trek (2009),Paramount Pictures,257730019.0,127950427.0,385680446.0,"['Action', 'Adventure', 'Sci-Fi']",127.0,79.0,71.6,63.2,71.3,42.4,27.941285343406165,26.931009721089424,28.522830762275962,False,False,False,False,False,False,True,False,False,False,False,False,False,False,True,False,False,True,False,False
125,The Hobbit: The Battle of the Five Armies (2014),Warner Bros.,255119788.0,707063077.0,962182865.0,"['Adventure', 'Fantasy']",144.0,74.0,63.0,50.0,62.3,48.0,27.926599562948326,29.397263682501162,29.84173586656347,False,False,False,False,False,False,False,False,False,False,False,False,True,False,False,False,False,True,False,False
127,Despicable Me (2010),Universal Pictures,251513985.0,291600000.0,543113985.0,"['Adventure', 'Animation', 'Comedy', 'Crime', 'Family', 'Sci-Fi']",95.0,76.0,69.19999999999999,59.199999999999996,68.1,43.6,27.906063379921783,28.11941547876375,29.016679771744883,False,True,True,False,False,False,False,False,False,False,False,True,False,True,True,False,False,True,False,False
128,Batman (1989),Warner Bros.,251348343.0,160160000.0,411508343.0,"['Action', 'Adventure']",126.0,75.0,71.8,67.0,71.3,42.9,27.90511293727655,27.254938638385443,28.616346439521525,False,False,False,False,False,False,True,False,False,False,False,False,False,False,False,False,False,True,False,False
129,Night at the Museum (2006),Twentieth Century Fox,250863268.0,323617961.0,574481229.0,"['Adventure', 'Comedy', 'Family', 'Fantasy']",108.0,64.0,63.800000000000004,46.8,58.2,39.2,27.902326002449655,28.269716439569333,29.097684513117308,False,True,False,False,False,False,False,False,False,False,False,True,True,False,False,False,False,True,False,False
130,Men in Black (1997),Sony Pictures Entertainment (SPE),250690539.0,338700000.0,589390539.0,"['Action', 'Adventure', 'Comedy', 'Sci-Fi']",98.0,73.0,72.0,60.6,68.5,44.6,27.901332309338002,28.33543274593097,29.134648661353598,False,True,False,False,False,False,True,False,False,False,False,False,False,False,True,False,False,True,False,False
131,Harry Potter and the Prisoner of Azkaban (2004),Warner Bros.,249975996.0,547385621.0,797361618.0,"['Adventure', 'Family', 'Fantasy', 'Mystery']",142.0,79.0,82.0,67.0,76.0,52.0,27.897214325528633,29.027982296862685,29.570658920173074,True,False,False,False,False,False,False,False,False,False,False,True,True,False,False,False,False,True,False,False
132,Moana (2016),Walt Disney Studios Motion Pictures,248757044.0,395379444.0,644136488.0,"['Adventure', 'Animation', 'Comedy', 'Family', 'Fantasy', 'Musical']",107.0,76.0,75.2,63.800000000000004,71.7,47.2,27.890162137820447,28.55866262558796,29.2627911767824,False,True,True,True,False,True,False,False,False,False,False,True,True,False,False,False,False,True,False,False
133,Indiana Jones and the Raiders of the Lost Ark (1981),Paramount Pictures,248159971.0,141766000.0,389925971.0,"['Action', 'Adventure']",115.0,84.00000000000001,83.2,76.2,81.1,47.4,27.886695181992057,27.078936328961298,28.53862500766644,False,False,False,False,False,False,True,False,False,False,False,False,False,False,False,False,False,True,False,False
134,Toy Story 2 (1999),Walt Disney Studios Motion Pictures,245852179.0,251523202.0,497375381.0,"['Adventure', 'Animation', 'Comedy', 'Family', 'Fantasy']",92.0,79.0,78.60000000000001,72.39999999999999,76.7,47.1,27.873215900991465,27.9061162480617,28.88975985815307,False,True,True,False,False,False,False,False,False,False,False,True,True,False,False,False,False,True,False,False
135,Transformers: Age of Extinction (2014),Paramount Pictures,245439076.0,858614996.0,1104054072.0,"['Action', 'Adventure', 'Sci-Fi']",165.0,55.99999999999999,40.800000000000004,31.0,42.6,40.7,27.870789715774976,29.67743612925932,30.040163685066048,False,False,False,False,False,False,True,False,False,False,False,False,False,False,True,False,False,True,False,False
136,Cars (2006),Walt Disney Studios Motion Pictures,244082982.0,217908885.0,461991867.0,"['Adventure', 'Animation', 'Comedy', 'Family', 'Sport']",117.0,72.0,70.6,54.800000000000004,65.8,41.0,27.86279646986693,27.69914978108786,28.783292213463078,False,True,True,False,False,False,False,False,False,False,False,True,False,False,False,False,False,True,False,True
139,Twister (1996),Warner Bros.,241721524.0,252750000.0,494471524.0,"['Action', 'Adventure', 'Thriller']",113.0,64.0,62.4,47.199999999999996,57.9,37.6,27.848770702146485,27.91313585122719,28.881312199462663,False,False,False,False,False,False,True,False,False,False,False,False,False,False,False,True,False,True,False,False
141,Maleficent (2014),Walt Disney Studios Motion Pictures,241410378.0,517001401.0,758411779.0,"['Adventure', 'Family', 'Fantasy', 'Romance']",97.0,69.0,64.0,51.0,61.3,44.0,27.846912456597416,28.945592949142036,29.49840613020865,False,False,False,False,False,False,False,False,False,True,False,True,True,False,False,False,False,True,False,False
142,Pirates of the Caribbean: On Stranger Tides (2011),Walt Disney Studios Motion Pictures,241071802.0,804642000.0,1045713802.0,"['Action', 'Adventure', 'Fantasy']",137.0,65.99999999999999,55.400000000000006,47.199999999999996,56.2,46.5,27.844887668878446,29.583771803562932,29.961840913092818,False,False,False,False,False,False,True,False,False,False,False,False,True,False,False,False,False,True,False,False
143,Shrek Forever After (2010),DreamWorks,238736787.0,513864080.0,752600867.0,"['Adventure', 'Animation', 'Comedy', 'Family', 'Fantasy', 'Romance']",93.0,63.0,57.199999999999996,50.2,56.8,41.6,27.830845647819757,28.936811567854075,29.487309710497623,False,True,True,False,False,False,False,False,False,True,False,True,True,False,False,False,False,True,False,False
145,Brave (2012),Walt Disney Studios Motion Pictures,237283207.0,301700000.0,538983207.0,"['Adventure', 'Animation', 'Comedy', 'Family', 'Fantasy']",93.0,71.0,66.60000000000001,57.199999999999996,64.9,41.9,27.822034760873475,28.168539455583513,29.005665082994604,False,True,True,False,False,False,False,False,False,False,False,True,True,False,False,False,False,True,False,False
146,Oz the Great and Powerful (2013),Walt Disney Studios Motion Pictures,234911825.0,258400000.0,493311825.0,"['Adventure', 'Family', 'Fantasy']",130.0,63.0,50.8,48.6,54.1,35.7,27.8075440967124,27.945030829130737,28.877924629168763,False,False,False,False,False,False,False,False,False,False,False,True,True,False,False,False,False,True,False,False
147,X-Men: The Last Stand (2006),Twentieth Century Fox,234362462.0,226072829.0,460435291.0,"['Action', 'Adventure', 'Sci-Fi']",104.0,65.99999999999999,51.800000000000004,46.6,54.8,35.5,27.804166269885908,27.752212368514773,28.778423175104727,False,False,False,False,False,False,True,False,False,False,False,False,False,False,True,False,False,True,False,False
148,War of the Worlds (2005),Paramount Pictures,234280354.0,369592765.0,603873119.0,"['Action', 'Adventure', 'Sci-Fi']",116.0,65.0,64.2,52.800000000000004,60.7,41.0,27.803660738587507,28.461361274508757,29.169670212922927,False,False,False,False,False,False,True,False,False,False,False,False,False,False,True,False,False,True,False,False
149,Fantastic Beasts and Where to Find Them (2016),Warner Bros.,234037575.0,580006426.0,814044001.0,"['Adventure', 'Family', 'Fantasy']",132.0,72.0,63.800000000000004,55.00000000000001,63.6,46.1,27.802164933840267,29.111493643316653,29.600531536770816,False,False,False,False,False,False,False,False,False,False,False,True,True,False,False,False,False,True,False,False
150,X-Men: Days of Future Past (2014),Twentieth Century Fox,233921534.0,512124166.0,746045700.0,"['Action', 'Adventure', 'Sci-Fi', 'Thriller']",132.0,79.0,71.8,65.8,72.2,49.2,27.801449436372852,28.931918397361187,29.474688766448015,False,False,False,False,False,False,True,False,False,False,False,False,False,False,True,True,False,True,False,False
151,Cast Away (2000),Twentieth Century Fox,233632142.0,196000000.0,429632142.0,"['Adventure', 'Drama', 'Romance']",143.0,78.0,76.0,63.6,72.5,43.8,27.799663526099792,27.54627841343938,28.6785266885707,False,False,False,False,False,False,False,False,False,True,True,False,False,False,False,False,False,True,False,False
153,Doctor Strange (2016),Walt Disney Studios Motion Pictures,232641920.0,445154156.0,677796076.0,"['Action', 'Adventure', 'Fantasy', 'Sci-Fi']",115.0,75.0,70.19999999999999,61.0,68.7,46.3,27.79353584011901,28.729729784130566,29.336276043675706,False,False,False,False,False,False,True,False,False,False,False,False,True,False,True,False,False,True,False,False
154,The Lost World: Jurassic Park (1997),Universal Pictures,229086679.0,389552320.0,618638999.0,"['Action', 'Adventure', 'Sci-Fi']",129.0,65.0,61.4,51.800000000000004,59.4,40.6,27.77131832992228,28.537241865910637,29.204522542882415,False,False,False,False,False,False,True,False,False,False,False,False,False,False,True,False,False,True,False,False
155,Justice League (2017),Warner Bros.,229024295.0,428902692.0,657926987.0,"['Action', 'Adventure', 'Fantasy', 'Sci-Fi']",120.0,61.0,41.4,37.4,46.6,34.9,27.770925407276483,28.676075130150153,29.29335224984122,False,False,False,False,False,False,True,False,False,False,False,False,True,False,True,False,False,True,False,False
156,Star Trek Into Darkness (2013),Paramount Pictures,228778661.0,238586585.0,467365246.0,"['Action', 'Adventure', 'Sci-Fi']",132.0,77.0,65.19999999999999,57.99999999999999,66.7,41.6,27.769377252189077,27.829937686046268,28.799975216181497,False,False,False,False,False,False,True,False,False,False,False,False,False,False,True,False,False,True,False,False
157,The Martian (2015),Twentieth Century Fox,228433663.0,401728785.0,630162448.0,"['Adventure', 'Drama', 'Sci-Fi']",144.0,80.0,74.6,64.2,72.9,47.5,27.76720002742039,28.581646597352872,29.231148544399534,False,False,False,False,False,False,False,False,False,False,True,False,False,False,True,False,False,True,False,False
164,Shang-Chi and the Legend of the Ten Rings (2021),Walt Disney Studios Motion Pictures,224543292.0,207689718.0,432233010.0,"['Action', 'Adventure', 'Fantasy', 'Sci-Fi']",132.0,74.0,72.39999999999999,61.8,69.4,42.3,27.742418382829,27.629854554204957,28.687234015342444,False,False,False,False,False,False,True,False,False,False,False,False,True,False,True,False,False,True,False,False
165,WALL-E (2008),Walt Disney Studios Motion Pictures,223808164.0,297503726.0,521311890.0,"['Adventure', 'Animation', 'Family', 'Sci-Fi']",98.0,84.00000000000001,83.0,78.0,81.7,50.0,27.737687422524427,28.148332496252458,28.957571524170778,False,False,True,False,False,False,False,False,False,False,False,True,False,False,True,False,False,True,False,False
166,Big Hero 6 (2014),Walt Disney Studios Motion Pictures,222527828.0,435341858.0,657869686.0,"['Action', 'Adventure', 'Animation', 'Comedy', 'Family', 'Sci-Fi']",102.0,78.0,75.6,63.0,72.2,47.7,27.729410521277718,28.697573500625513,29.29322659536848,False,True,True,False,False,False,True,False,False,False,False,True,False,False,True,False,False,True,False,False
167,Mission: Impossible - Fallout (2018),Paramount Pictures,220159104.0,571498294.0,791657398.0,"['Action', 'Adventure', 'Thriller']",147.0,77.0,77.4,67.6,74.0,50.9,27.713971262806293,29.090173950904507,29.56030097584,False,False,False,False,False,False,True,False,False,False,False,False,False,False,False,True,False,True,False,False
168,National Treasure: Book of Secrets (2007),Walt Disney Studios Motion Pictures,219964115.0,239278134.0,459242249.0,"['Action', 'Adventure', 'Mystery', 'Thriller']",124.0,65.0,57.400000000000006,45.199999999999996,55.9,36.0,27.71269294042025,27.83411332391887,28.77468013111897,True,False,False,False,False,False,True,False,False,False,False,False,False,False,False,True,False,True,False,False
169,Alvin and the Chipmunks: The Squeakquel (2009),Twentieth Century Fox,219614612.0,223525393.0,443140005.0,"['Adventure', 'Animation', 'Comedy', 'Drama', 'Family', 'Fantasy', 'Music', 'Musical']",88.0,45.0,42.6,24.6,37.4,26.5,27.71039880596762,27.735863493300428,28.72318733284193,False,True,True,True,False,True,False,False,False,False,True,True,True,False,False,False,False,True,False,False
173,King Kong (2005),Universal Pictures,218080025.0,338826353.0,556906378.0,"['Action', 'Adventure', 'Drama', 'Romance']",187.0,72.0,66.60000000000001,55.00000000000001,64.5,42.0,27.700282391740636,28.335970847062555,29.05285957437035,False,False,False,False,False,False,True,False,False,True,True,False,False,False,False,False,False,True,False,False
175,How to Train Your Dragon (2010),DreamWorks,217581231.0,277298240.0,494879471.0,"['Action', 'Adventure', 'Animation', 'Comedy', 'Family', 'Fantasy']",98.0,81.0,79.0,68.60000000000001,76.2,46.8,27.696978871242813,28.04686321878199,28.882501955474787,False,True,True,False,False,False,True,False,False,False,False,True,True,False,False,False,False,True,False,False
177,Aladdin (1992),Walt Disney Studios Motion Pictures,217350219.0,286700000.0,504050219.0,"['Adventure', 'Animation', 'Comedy', 'Family', 'Fantasy', 'Musical', 'Romance']",90.0,80.0,77.4,69.4,75.6,46.7,27.69544630836134,28.094966663677337,28.90899223705618,False,True,True,True,False,True,False,False,False,True,False,True,True,False,False,False,False,True,False,False
178,Alvin and the Chipmunks (2007),Twentieth Century Fox,217326974.0,148025572.0,365352546.0,"['Adventure', 'Animation', 'Comedy', 'Drama', 'Family', 'Fantasy', 'Music', 'Musical']",92.0,52.0,49.00000000000001,28.599999999999998,43.2,28.0,27.695292007897468,27.141271187728336,28.444714020058374,False,True,True,True,False,True,False,False,False,False,True,True,True,False,False,False,False,True,False,False
181,Ant-Man and the Wasp (2018),Walt Disney Studios Motion Pictures,216648740.0,406025399.0,622674139.0,"['Action', 'Adventure', 'Comedy', 'Sci-Fi']",118.0,70.0,61.4,55.599999999999994,62.3,42.1,27.690782605212316,28.59699473740889,29.21390212132161,False,True,False,False,False,False,True,False,False,False,False,False,False,False,True,False,False,True,False,False
182,Madagascar 3: Europe's Most Wanted (2012),DreamWorks,216391482.0,530529792.0,746921274.0,"['Adventure', 'Animation', 'Comedy', 'Family']",95.0,68.0,57.800000000000004,49.6,58.5,42.4,27.689068469362407,28.982858527324403,29.476380949107845,False,True,True,False,False,False,False,False,False,False,False,True,False,False,False,False,False,True,False,False
183,Kung Fu Panda (2008),DreamWorks,215434591.0,416311606.0,631746197.0,"['Action', 'Adventure', 'Animation', 'Comedy', 'Family', 'Fantasy']",92.0,76.0,74.4,62.4,70.9,46.5,27.682674672200775,28.633088537815436,29.234769833526954,False,True,True,False,False,False,True,False,False,False,False,True,True,False,False,False,False,True,False,False
184,Mission: Impossible II (2000),Paramount Pictures,215409889.0,330978219.0,546388108.0,"['Action', 'Adventure', 'Thriller']",123.0,61.0,53.0,44.00000000000001,52.7,35.9,27.682509241496223,28.30216103844373,29.025350843173225,False,False,False,False,False,False,True,False,False,False,False,False,False,False,False,True,False,True,False,False
187,The Lorax (2012),Universal Pictures,214030500.0,134809816.0,348840316.0,"['Adventure', 'Animation', 'Comedy', 'Drama', 'Family', 'Fantasy', 'Musical']",86.0,64.0,60.0,41.6,55.2,33.7,27.673241158825203,27.006350307391173,28.377991543285145,False,True,True,True,False,True,False,False,False,False,True,True,True,False,False,False,False,True,False,False
188,Solo: A Star Wars Story (2018),Walt Disney Studios Motion Pictures,213767512.0,179157295.0,392924807.0,"['Action', 'Adventure', 'Sci-Fi']",135.0,69.0,59.400000000000006,55.99999999999999,61.5,37.7,27.671467370632804,27.416651548090197,28.549678013192526,False,False,False,False,False,False,True,False,False,False,False,False,False,False,True,False,False,True,False,False
189,Venom (2018),Sony Pictures Entertainment (SPE),213515506.0,642569645.0,856085151.0,"['Action', 'Adventure', 'Sci-Fi']",112.0,65.99999999999999,57.99999999999999,49.00000000000001,57.7,43.9,27.66976560466826,29.259277588581828,29.673179061351142,False,False,False,False,False,False,True,False,False,False,False,False,False,False,True,False,False,True,False,False
190,Austin Powers in Goldmember (2002),New Line Cinema,213307889.0,83630912.0,296938801.0,"['Action', 'Adventure', 'Comedy', 'Crime']",94.0,62.0,58.8,49.400000000000006,56.7,33.6,27.668362082539733,26.31753295993996,28.145590381735687,False,True,False,False,False,False,True,False,False,False,False,False,False,True,False,False,False,True,False,False
191,Venom: Let There Be Carnage (2021),Sony Pictures Entertainment (SPE),212638437.0,288500000.0,501138437.0,"['Action', 'Adventure', 'Sci-Fi', 'Thriller']",97.0,59.00000000000001,53.6,47.400000000000006,53.3,35.5,27.66382716432677,28.103996077969658,28.90063395490397,False,False,False,False,False,False,True,False,False,False,False,False,False,False,True,True,False,True,False,False
193,Back to the Future (1985),Universal Pictures,211406762.0,170500000.0,381906762.0,"['Adventure', 'Comedy', 'Sci-Fi']",116.0,85.0,83.80000000000001,77.2,82.0,47.7,27.65544628221423,27.345196498348347,28.5086452234885,False,True,False,False,False,False,False,False,False,False,False,False,False,False,True,False,False,True,False,False
195,Coco (2017),Walt Disney Studios Motion Pictures,210460015.0,597357873.0,807817888.0,"['Adventure', 'Animation', 'Comedy', 'Family', 'Fantasy', 'Music', 'Mystery']",105.0,84.00000000000001,83.39999999999999,74.2,80.5,54.4,27.648970922838462,29.154020258285968,29.58945485196233,True,True,True,False,False,True,False,False,False,False,False,True,True,False,False,False,False,True,False,False
197,Mission: Impossible - Ghost Protocol (2011),Paramount Pictures,209397903.0,485315477.0,694713380.0,"['Action', 'Adventure', 'Thriller']",132.0,74.0,73.0,62.8,69.9,47.1,27.641671753675887,28.85434762833991,29.371842642630803,False,False,False,False,False,False,True,False,False,False,False,False,False,False,False,True,False,True,False,False
199,Sherlock Holmes (2009),Warner Bros.,209028679.0,315000000.0,524028679.0,"['Action', 'Adventure', 'Mystery']",128.0,76.0,67.80000000000001,59.199999999999996,67.7,43.1,27.63912565457536,28.230776587711453,28.965070528722066,True,False,False,False,False,False,True,False,False,False,False,False,False,False,False,False,False,True,False,False
200,Dawn of the Planet of the Apes (2014),Twentieth Century Fox,208545589.0,502098977.0,710644566.0,"['Action', 'Adventure', 'Drama', 'Sci-Fi', 'Thriller']",130.0,76.0,73.4,63.800000000000004,71.1,48.0,27.635787556844498,28.903396544693145,29.404552925014176,False,False,False,False,False,False,True,False,False,False,True,False,False,False,True,True,False,True,False,False
202,Charlie and the Chocolate Factory (2005),Warner Bros.,206459076.0,268509687.0,474968763.0,"['Adventure', 'Comedy', 'Family', 'Fantasy', 'Musical']",115.0,67.0,64.0,50.6,60.5,38.6,27.62128060029345,28.00039889622863,28.823257394759626,False,True,False,True,False,True,False,False,False,False,False,True,True,False,False,False,False,True,False,False
203,Ratatouille (2007),Walt Disney Studios Motion Pictures,206445654.0,417280431.0,623726085.0,"['Adventure', 'Animation', 'Comedy', 'Family', 'Fantasy']",111.0,81.0,83.6,74.0,79.5,50.7,27.621186806972915,28.636442023910035,29.21633735457752,False,True,True,False,False,False,False,False,False,False,False,True,True,False,False,False,False,True,False,False
204,Thor: The Dark World (2013),Walt Disney Studios Motion Pictures,206362140.0,438421000.0,644783140.0,"['Action', 'Adventure', 'Fantasy']",112.0,68.0,48.0,46.2,54.1,38.4,27.62060307169931,28.707741662940805,29.26423877939716,False,False,False,False,False,False,True,False,False,False,False,False,True,False,False,False,False,True,False,False
206,Austin Powers: The Spy Who Shagged Me (1999),New Line Cinema,206040086.0,105976842.0,312016928.0,"['Action', 'Adventure', 'Comedy', 'Crime']",95.0,65.99999999999999,64.4,56.39999999999999,62.3,36.6,27.61834980644585,26.659173801417083,28.21704906151704,False,True,False,False,False,False,True,False,False,False,False,False,False,True,False,False,False,True,False,False
208,The Amazing Spider-Man 2 (2014),Sony Pictures Entertainment (SPE),202853933.0,506128390.0,708982323.0,"['Action', 'Adventure', 'Sci-Fi']",142.0,65.99999999999999,57.400000000000006,42.00000000000001,55.1,40.0,27.59586603336894,28.91492816006768,29.401174416411134,False,False,False,False,False,False,True,False,False,False,False,False,False,False,True,False,False,True,False,False
209,World War Z (2013),Paramount Pictures,202807711.0,337648165.0,540455876.0,"['Action', 'Adventure', 'Horror', 'Sci-Fi']",116.0,70.0,61.8,50.2,60.7,39.8,27.595537265532716,28.330945476089116,29.009601597087535,False,False,False,False,False,False,True,False,False,False,False,False,False,False,True,False,False,True,True,False
210,The Mummy Returns (2001),Universal Pictures,202019785.0,241261119.0,443280904.0,"['Action', 'Adventure', 'Fantasy', 'Thriller']",130.0,64.0,58.4,44.6,55.7,35.6,27.5899213507077,27.84602019249104,28.723645973400192,False,False,False,False,False,False,True,False,False,False,False,False,True,False,False,True,False,True,False,False
211,Armageddon (1998),Walt Disney Studios Motion Pictures,201578182.0,352131606.0,553709788.0,"['Action', 'Adventure', 'Sci-Fi', 'Thriller']",151.0,67.0,59.80000000000001,39.800000000000004,55.5,37.5,27.586764254961547,28.391539482957306,29.044554783900654,False,False,False,False,False,False,True,False,False,False,False,False,False,False,True,True,False,True,False,False
212,Cinderella (2015),Walt Disney Studios Motion Pictures,201151353.0,341206978.0,542358331.0,"['Adventure', 'Drama', 'Family', 'Fantasy', 'Romance']",105.0,69.0,63.800000000000004,52.0,61.6,40.3,27.583706201063563,28.346071910512,29.014671100609807,False,False,False,False,False,False,False,False,False,True,True,True,True,False,False,False,False,True,False,False
213,Ralph Breaks the Internet (2018),Walt Disney Studios Motion Pictures,201091711.0,328232251.0,529323962.0,"['Adventure', 'Animation', 'Comedy', 'Family', 'Fantasy', 'Sci-Fi']",112.0,70.0,60.199999999999996,54.6,61.6,40.1,27.58327837408053,28.29014175929065,28.97957572400327,False,True,True,False,False,False,False,False,False,False,False,True,True,False,True,False,False,True,False,False
214,Tangled (2010),Walt Disney Studios Motion Pictures,200821936.0,391640880.0,592462816.0,"['Adventure', 'Animation', 'Comedy', 'Family', 'Fantasy', 'Musical', 'Romance']",100.0,77.0,78.2,64.2,73.1,47.0,27.581341624154206,28.54495612234259,29.14214936989326,False,True,True,True,False,True,False,False,False,True,False,True,True,False,False,False,False,True,False,False
215,Godzilla (2014),Warner Bros.,200676069.0,324300000.0,524976069.0,"['Action', 'Adventure', 'Sci-Fi', 'Thriller']",123.0,64.0,60.4,53.0,59.1,38.8,27.580293341950224,28.272753782892618,28.96767641821685,False,False,False,False,False,False,True,False,False,False,False,False,False,False,True,True,False,True,False,False
216,Superman Returns (2006),Warner Bros.,200081192.0,191000000.0,391081192.0,"['Action', 'Adventure', 'Sci-Fi']",154.0,61.0,51.4,45.0,52.5,33.1,27.57601031672925,27.508997397359924,28.542892914293276,False,False,False,False,False,False,True,False,False,False,False,False,False,False,True,False,False,True,False,False
217,Spectre (2015),Sony Pictures Entertainment (SPE),200074609.0,680606910.0,880681519.0,"['Action', 'Adventure', 'Thriller']",148.0,68.0,62.0,54.2,61.4,46.2,27.57596284891081,29.34224655773083,29.714045150516345,False,False,False,False,False,False,True,False,False,False,False,False,False,False,False,True,False,True,False,False
219,Monsters vs. Aliens (2009),DreamWorks,198351526.0,183158344.0,381509870.0,"['Action', 'Adventure', 'Animation', 'Comedy', 'Family', 'Fantasy', 'Sci-Fi']",94.0,64.0,54.400000000000006,48.0,55.5,34.4,27.56348425587205,27.448516185360866,28.50714514044667,False,True,True,False,False,False,True,False,False,False,False,True,True,False,True,False,False,True,False,False
220,Happy Feet (2006),Warner Bros.,198000317.0,186335791.0,384336108.0,"['Adventure', 'Animation', 'Comedy', 'Family', 'Music', 'Musical', 'Romance']",108.0,64.0,57.400000000000006,45.199999999999996,55.5,34.5,27.560927499171267,27.47332956992633,28.51779328164956,False,True,True,True,False,True,False,False,False,True,False,True,False,False,False,False,False,True,False,False
221,Indiana Jones and the Last Crusade (1989),Paramount Pictures,197171806.0,277000000.0,474171806.0,"['Action', 'Adventure']",127.0,82.0,80.39999999999999,73.6,78.7,47.7,27.55487803164652,28.045310735373363,28.82083464259949,False,False,False,False,False,False,True,False,False,False,False,False,False,False,False,False,False,True,False,False
222,Ice Age: Dawn of the Dinosaurs (2009),Twentieth Century Fox,196573705.0,690113112.0,886686817.0,"['Adventure', 'Animation', 'Comedy', 'Family']",94.0,69.0,60.8,51.2,60.3,45.7,27.550495109245094,29.36225760323223,29.723849385219744,False,True,True,False,False,False,False,False,False,False,False,True,False,False,False,False,False,True,False,False
223,Ice Age: The Meltdown (2006),Twentieth Century Fox,195330621.0,471763885.0,667094506.0,"['Adventure', 'Animation', 'Comedy', 'Family']",91.0,68.0,60.199999999999996,51.0,59.7,41.6,27.541342890105383,28.813489739088585,29.313315918828593,False,True,True,False,False,False,False,False,False,False,False,True,False,False,False,False,False,True,False,False
224,Mission: Impossible - Rogue Nation (2015),Paramount Pictures,195042377.0,487674259.0,682716636.0,"['Action', 'Adventure', 'Thriller']",131.0,74.0,72.6,62.2,69.6,46.8,27.539212372538486,28.86134258344496,29.346711666070465,False,False,False,False,False,False,True,False,False,False,False,False,False,False,False,True,False,True,False,False
226,Men in Black II (2002),Sony Pictures Entertainment (SPE),193735288.0,251400000.0,445135288.0,"['Action', 'Adventure', 'Comedy', 'Mystery', 'Sci-Fi']",88.0,61.0,57.599999999999994,43.4,54.0,34.8,27.52951151730349,27.90540940885732,28.729668633748027,True,True,False,False,False,False,True,False,False,False,False,False,False,False,True,False,False,True,False,False
227,Madagascar (2005),DreamWorks Distribution,193595521.0,348468325.0,542063846.0,"['Adventure', 'Animation', 'Comedy', 'Family']",86.0,69.0,67.80000000000001,52.2,63.0,41.0,27.528470334098607,28.376452283364042,29.01388754588625,False,True,True,False,False,False,False,False,False,False,False,True,False,False,False,False,False,True,False,False
229,Cars 2 (2011),Walt Disney Studios Motion Pictures,191452396.0,368400000.0,559852396.0,"['Adventure', 'Animation', 'Comedy', 'Family', 'Sport']",106.0,62.0,51.4,40.800000000000004,51.4,35.5,27.51241047452692,28.45669782052815,29.060471272647792,False,True,True,False,False,False,False,False,False,False,False,True,False,False,False,False,False,True,False,True
230,Teenage Mutant Ninja Turtles (2014),Paramount Pictures,191204754.0,293800000.0,485004754.0,"['Action', 'Adventure', 'Animation', 'Comedy', 'Sci-Fi']",101.0,57.99999999999999,46.6,37.6,47.4,32.2,27.51054315316526,28.13025915499309,28.85342364771539,False,True,True,False,False,False,True,False,False,False,False,False,False,False,True,False,False,True,False,False
231,Spider-Man: Into the Spider-Verse (2018),Sony Pictures Entertainment (SPE),190241310.0,185299521.0,375540831.0,"['Action', 'Adventure', 'Animation', 'Comedy', 'Family', 'Fantasy', 'Sci-Fi']",117.0,84.00000000000001,88.80000000000001,78.60000000000001,83.8,48.5,27.503255313714767,27.46528391109647,28.484394533626084,False,True,True,False,False,False,True,False,False,False,False,True,True,False,True,False,False,True,False,False
234,Wreck-It Ralph (2012),Walt Disney Studios Motion Pictures,189422889.0,281800000.0,471222889.0,"['Adventure', 'Animation', 'Comedy', 'Family', 'Fantasy', 'Sci-Fi']",101.0,77.0,71.6,65.99999999999999,71.5,44.0,27.49703542914282,28.070096370746448,28.811834376885233,False,True,True,False,False,False,False,False,False,False,False,True,True,False,True,False,False,True,False,False
236,Interstellar (2014),Paramount Pictures,188020017.0,513709189.0,701729206.0,"['Adventure', 'Drama', 'Sci-Fi']",169.0,86.0,85.60000000000001,70.19999999999999,80.6,52.6,27.48631102147708,28.936376639297617,29.386339167790165,False,False,False,False,False,False,False,False,False,False,True,False,False,False,True,False,False,True,False,False
237,The Polar Express (2004),Warner Bros.,187935490.0,126279964.0,314215454.0,"['Adventure', 'Animation', 'Comedy', 'Family', 'Fantasy', 'Musical']",100.0,65.99999999999999,63.4,49.2,59.5,35.3,27.485662292127433,26.912050513577757,28.227178897276765,False,True,True,True,False,True,False,False,False,False,False,True,True,False,False,False,False,True,False,False
238,Gladiator (2000),DreamWorks Distribution,187705427.0,277675375.0,465380802.0,"['Action', 'Adventure', 'Drama']",155.0,85.0,80.19999999999999,65.8,77.0,46.7,27.483895121536207,28.048823999847222,28.793836456669265,False,False,False,False,False,False,True,False,False,False,True,False,False,False,False,False,False,True,False,False
239,The Croods (2013),Twentieth Century Fox,187168425.0,400067558.0,587235983.0,"['Adventure', 'Animation', 'Comedy', 'Family', 'Fantasy']",98.0,72.0,60.8,53.2,62.0,41.3,27.479761834308327,28.575668402503332,29.129365131410047,False,True,True,False,False,False,False,False,False,False,False,True,True,False,False,False,False,True,False,False
240,Sherlock Holmes: A Game of Shadows (2011),Warner Bros.,186848418.0,357000000.0,543848418.0,"['Action', 'Adventure', 'Mystery']",129.0,74.0,65.0,55.599999999999994,64.9,42.0,27.477293107922097,28.411348833353273,29.01862935713125,True,False,False,False,False,False,True,False,False,False,False,False,False,False,False,False,False,True,False,False
241,The Day After Tomorrow (2004),Twentieth Century Fox,186740799.0,365898772.0,552639571.0,"['Action', 'Adventure', 'Sci-Fi', 'Thriller']",124.0,64.0,57.199999999999996,43.0,54.7,37.1,27.47646192011027,28.44686933292708,29.041763627151454,False,False,False,False,False,False,True,False,False,False,False,False,False,False,True,True,False,True,False,False
243,Snow White and the Seven Dwarfs (1937),Walt Disney Studios Motion Pictures,184925486.0,184925486.0,184925486.0,"['Adventure', 'Animation', 'Family', 'Fantasy', 'Musical', 'Romance']",83.0,76.0,69.0,68.8,71.3,38.9,27.462368826415478,27.462368826415478,27.462368826415478,False,False,True,True,False,True,False,False,False,True,False,True,True,False,False,False,False,True,False,False
245,Dances with Wolves (1990),Orion Pictures,184208848.0,240000000.0,424208848.0,"['Adventure', 'Drama', 'Western']",181.0,80.0,74.4,68.39999999999999,74.3,44.6,27.456767118351983,27.838459164932694,28.6601994715105,False,False,False,False,False,False,False,False,True,False,True,False,False,False,False,False,False,True,False,False
246,Batman Forever (1995),Warner Bros.,184069126.0,152498032.0,336567158.0,"['Action', 'Adventure']",121.0,54.0,49.2,42.6,48.6,30.2,27.45567242216918,27.184215383793042,28.326319165409778,False,False,False,False,False,False,True,False,False,False,False,False,False,False,False,False,False,True,False,False
248,Black Widow (2021),Walt Disney Studios Motion Pictures,183651655.0,195979696.0,379631351.0,"['Action', 'Adventure', 'Sci-Fi']",134.0,67.0,62.8,52.400000000000006,60.7,37.0,27.45239665625496,27.546128954268738,28.50002389809799,False,False,False,False,False,False,True,False,False,False,False,False,False,False,True,False,False,True,False,False
249,The Revenant (2015),Twentieth Century Fox,183637894.0,349312609.0,532950503.0,"['Action', 'Adventure', 'Drama', 'History', 'Western']",156.0,80.0,76.4,71.2,75.9,47.3,27.45228855121075,28.379943479167636,28.98942631010897,False,False,False,False,True,False,True,False,True,False,True,False,False,False,False,False,False,True,False,False
251,The Simpsons Movie (2007),Twentieth Century Fox,183135014.0,353279279.0,536414293.0,"['Adventure', 'Animation', 'Comedy']",87.0,73.0,67.4,58.8,66.4,42.6,27.44833240875332,28.39623389196568,28.998772438111413,False,True,True,False,False,False,False,False,False,False,False,False,False,False,False,False,False,True,False,False
253,The Perfect Storm (2000),Warner Bros.,182618434.0,146100000.0,328718434.0,"['Action', 'Adventure', 'Drama', 'Thriller']",130.0,65.0,60.199999999999996,50.2,58.5,35.0,27.44425716132175,27.12238093724031,28.292277121798467,False,False,False,False,False,False,True,False,False,False,True,False,False,False,False,True,False,True,False,False
256,Jurassic Park III (2001),Universal Pictures,181171875.0,187608934.0,368780809.0,"['Action', 'Adventure', 'Sci-Fi', 'Thriller']",92.0,59.00000000000001,54.400000000000006,43.4,52.3,32.6,27.43278376885754,27.48315329020699,28.458188340351743,False,False,False,False,False,False,True,False,False,False,False,False,False,False,True,True,False,True,False,False
257,Thor (2011),Paramount Pictures,181030624.0,268295994.0,449326618.0,"['Action', 'Adventure', 'Fantasy']",115.0,70.0,57.400000000000006,51.2,59.5,37.6,27.431658530196216,27.999250272588572,28.743189288396536,False,False,False,False,False,False,True,False,False,False,False,False,True,False,False,False,False,True,False,False
258,Mission: Impossible (1996),Paramount Pictures,180981856.0,276714535.0,457696391.0,"['Action', 'Adventure', 'Thriller']",110.0,71.0,70.8,59.400000000000006,67.1,41.6,27.43126982894382,28.04382318556095,28.76981567523033,False,False,False,False,False,False,True,False,False,False,False,False,False,False,False,True,False,True,False,False
259,Ant-Man (2015),Walt Disney Studios Motion Pictures,180202163.0,339109802.0,519311965.0,"['Action', 'Adventure', 'Comedy', 'Sci-Fi']",117.0,73.0,66.39999999999999,58.60000000000001,66.0,42.1,27.425041087290555,28.33717724529772,28.952026224746646,False,True,False,False,False,False,True,False,False,False,False,False,False,False,True,False,False,True,False,False
260,Planet of the Apes (2001),Twentieth Century Fox,180011740.0,182200000.0,362211740.0,"['Action', 'Adventure', 'Sci-Fi', 'Thriller']",119.0,57.00000000000001,45.0,38.4,46.8,29.8,27.42351575836197,27.440947718238863,28.432258066748915,False,False,False,False,False,False,True,False,False,False,False,False,False,False,True,True,False,True,False,False
261,Madagascar: Escape 2 Africa (2008),DreamWorks,180010950.0,423889404.0,603900354.0,"['Adventure', 'Animation', 'Comedy', 'Family']",89.0,65.99999999999999,60.4,49.2,58.5,39.9,27.423509426932792,28.65911266277024,29.16973527777213,False,True,True,False,False,False,False,False,False,False,False,True,False,False,False,False,False,True,False,False
263,Indiana Jones and the Temple of Doom (1984),Paramount Pictures,179870271.0,153237000.0,333107271.0,"['Action', 'Adventure']",118.0,75.0,72.2,65.4,70.9,41.3,27.422381516421478,27.191189445862857,28.311411604318476,False,False,False,False,False,False,True,False,False,False,False,False,False,False,False,False,False,True,False,False
265,Men in Black 3 (2012),Sony Pictures Entertainment (SPE),179020854.0,445005922.0,624026776.0,"['Action', 'Adventure', 'Comedy', 'Sci-Fi']",106.0,68.0,60.6,54.2,60.9,41.4,27.41555241480055,28.729249294241267,29.217032693272376,False,True,False,False,False,False,True,False,False,False,False,False,False,False,True,False,False,True,False,False
267,Home (2015),Twentieth Century Fox,177397510.0,208644097.0,386041607.0,"['Adventure', 'Animation', 'Comedy', 'Family', 'Fantasy', 'Sci-Fi']",94.0,65.99999999999999,54.800000000000004,44.400000000000006,55.1,34.3,27.402410518817565,27.636468863264565,28.524181106534435,False,True,True,False,False,False,False,False,False,False,False,True,True,False,True,False,False,True,False,False
268,Night at the Museum: Battle of the Smithsonian (2009),Twentieth Century Fox,177243721.0,235862449.0,413106170.0,"['Adventure', 'Comedy', 'Family', 'Fantasy']",105.0,60.0,55.99999999999999,41.8,52.6,33.6,27.40115927884795,27.81337050852092,28.621937367010016,False,True,False,False,False,False,False,False,False,False,False,True,True,False,False,False,False,True,False,False
270,How to Train Your Dragon 2 (2014),Twentieth Century Fox,177002924.0,444534595.0,621537519.0,"['Action', 'Adventure', 'Animation', 'Comedy', 'Family', 'Fantasy']",102.0,78.0,73.6,64.4,72.0,46.9,27.399197952206357,28.727720457327884,29.211266241030685,False,True,True,False,False,False,True,False,False,False,False,True,True,False,False,False,False,True,False,False
272,Captain America: The First Avenger (2011),Paramount Pictures,176654505.0,193915269.0,370569774.0,"['Action', 'Adventure', 'Sci-Fi']",124.0,69.0,66.39999999999999,54.400000000000006,63.3,38.2,27.396355300052832,27.530851165654937,28.465169969987326,False,False,False,False,False,False,True,False,False,False,False,False,False,False,True,False,False,True,False,False
273,Elf (2003),New Line Cinema,176630408.0,47223328.0,223853736.0,"['Adventure', 'Comedy', 'Family', 'Fantasy', 'Romance']",97.0,71.0,70.8,55.99999999999999,65.9,36.9,27.396158492200726,25.492996381337388,27.737981155355524,False,True,False,False,False,False,False,False,False,True,False,True,True,False,False,False,False,True,False,False
276,Ice Age (2002),Twentieth Century Fox,176387405.0,206869731.0,383257136.0,"['Adventure', 'Animation', 'Comedy', 'Family']",81.0,75.0,69.19999999999999,58.60000000000001,67.6,40.5,27.39417230756367,27.62414732584908,28.51373741328163,False,True,True,False,False,False,False,False,False,False,False,True,False,False,False,False,False,True,False,False
278,The Lego Batman Movie (2017),Warner Bros.,175750384.0,136200000.0,311950384.0,"['Action', 'Adventure', 'Animation', 'Comedy', 'Family', 'Fantasy', 'Sci-Fi']",104.0,73.0,75.0,65.6,71.2,41.1,27.38895260056906,27.021151462448884,28.21674134443854,False,True,True,False,False,False,True,False,False,False,False,True,True,False,True,False,False,True,False,False
280,The Boss Baby (2017),Twentieth Century Fox,175003033.0,352962903.0,527965936.0,"['Adventure', 'Animation', 'Comedy', 'Family', 'Fantasy']",97.0,63.0,51.0,42.00000000000001,52.0,35.3,27.382804684905878,28.394941320866355,28.975869609990948,False,True,True,False,False,False,False,False,False,False,False,True,True,False,False,False,False,True,False,False
283,Fast & Furious Presents: Hobbs & Shaw (2019),Universal Pictures,173956935.0,585100000.0,759056935.0,"['Action', 'Adventure', 'Thriller']",137.0,65.0,55.400000000000006,49.6,56.7,41.7,27.374154953955944,29.12410797725608,29.499632861816746,False,False,False,False,False,False,True,False,False,False,False,False,False,False,False,True,False,True,False,False
284,Apollo 13 (1995),Universal Pictures,173837933.0,181077570.0,355237933.0,"['Adventure', 'Drama', 'History']",140.0,77.0,74.6,62.0,71.2,41.8,27.373167684632836,27.432032610445663,28.404210402805557,False,False,False,False,True,False,False,False,False,False,True,False,False,False,False,False,False,True,False,False
285,Home Alone 2: Lost in New York (1992),Twentieth Century Fox,173585516.0,185409334.0,358994850.0,"['Adventure', 'Comedy', 'Crime', 'Family']",120.0,68.0,68.0,54.800000000000004,63.6,38.1,27.37107133322501,27.466138634003798,28.419387906955713,False,True,False,False,False,False,False,False,False,False,False,True,False,True,False,False,False,True,False,False
286,National Treasure (2004),Walt Disney Studios Motion Pictures,173008894.0,174503424.0,347512318.0,"['Action', 'Adventure', 'Mystery', 'Thriller']",131.0,69.0,64.60000000000001,51.2,61.6,36.9,27.36627096459022,27.378680103495757,28.37248887593519,True,False,False,False,False,False,True,False,False,False,False,False,False,False,False,True,False,True,False,False
290,Pirates of the Caribbean: Dead Men Tell No Tales (2017),Walt Disney Studios Motion Pictures,172558876.0,622322566.0,794881442.0,"['Action', 'Adventure', 'Fantasy']",129.0,65.0,53.2,45.800000000000004,54.7,41.3,27.362513443430654,29.213087319748148,29.5661644549755,False,False,False,False,False,False,True,False,False,False,False,False,True,False,False,False,False,True,False,False
291,TRON: Legacy (2010),Walt Disney Studios Motion Pictures,172062763.0,228001089.0,400063852.0,"['Action', 'Adventure', 'Sci-Fi']",125.0,68.0,62.0,53.6,61.2,37.6,27.35835966909812,27.764465474239564,28.575655038129042,False,False,False,False,False,False,True,False,False,False,False,False,False,False,True,False,False,True,False,False
292,Mary Poppins Returns (2018),Walt Disney Studios Motion Pictures,171958438.0,177587704.0,349546142.0,"['Adventure', 'Comedy', 'Family', 'Fantasy', 'Musical']",130.0,67.0,62.4,54.2,61.2,36.7,27.357484669741588,27.403956453442678,28.380907670896057,False,True,False,True,False,True,False,False,False,False,False,True,True,False,False,False,False,True,False,False
295,Tarzan (1999),Walt Disney Studios Motion Pictures,171091819.0,277100000.0,448191819.0,"['Adventure', 'Animation', 'Comedy', 'Drama', 'Family', 'Music']",88.0,73.0,72.8,57.400000000000006,67.7,41.7,27.350195536048926,28.04583146991823,28.739541074176906,False,True,True,False,False,True,False,False,False,False,True,True,False,False,False,False,False,True,False,False
300,Hotel Transylvania 2 (2015),Sony Pictures Entertainment (SPE),169700110.0,305486596.0,475186706.0,"['Adventure', 'Animation', 'Comedy', 'Family', 'Fantasy', 'Horror']",89.0,70.0,58.60000000000001,48.0,58.9,37.8,27.338412259138007,28.18653383862385,28.823919234429173,False,True,True,False,False,False,False,False,False,False,False,True,True,False,False,False,False,True,True,False
303,Quantum of Solace (2008),Sony Pictures Entertainment (SPE),168368427.0,421212055.0,589580482.0,"['Action', 'Adventure', 'Thriller']",106.0,65.99999999999999,55.99999999999999,51.4,57.8,39.3,27.327046383957356,28.649971485680577,29.135113524054447,False,False,False,False,False,False,True,False,False,False,False,False,False,False,False,True,False,True,False,False
304,Wild Hogs (2007),Walt Disney Studios Motion Pictures,168273550.0,85351877.0,253625427.0,"['Action', 'Adventure', 'Comedy']",100.0,57.99999999999999,44.800000000000004,38.6,47.1,28.0,27.326233184235573,26.346919544574284,27.91812414798281,False,True,False,False,False,False,True,False,False,False,False,False,False,False,False,False,False,True,False,False
305,Kong: Skull Island (2017),Warner Bros.,168052812.0,398600000.0,566652812.0,"['Action', 'Adventure', 'Fantasy', 'Sci-Fi']",118.0,65.99999999999999,61.4,56.2,61.2,40.6,27.324339442325076,28.57036646927587,29.077889826151768,False,False,False,False,False,False,True,False,False,False,False,False,True,False,True,False,False,True,False,False
308,Hotel Transylvania 3: Summer Vacation (2018),Sony Pictures Entertainment (SPE),167510016.0,361073758.0,528583774.0,"['Adventure', 'Animation', 'Comedy', 'Family', 'Fantasy', 'Horror']",97.0,63.0,54.400000000000006,45.4,54.3,36.4,27.319672120946993,28.427718331479085,28.977556898174054,False,True,True,False,False,False,False,False,False,False,False,True,True,False,False,False,False,True,True,False
309,Casino Royale (2006),Sony Pictures Entertainment (SPE),167445960.0,449056952.0,616502912.0,"['Action', 'Adventure', 'Thriller']",144.0,80.0,78.8,68.2,75.7,48.7,27.319120327390305,28.742323186598657,29.199532468192604,False,False,False,False,False,False,True,False,False,False,False,False,False,False,False,True,False,True,False,False
312,2012 (2009),Sony Pictures Entertainment (SPE),166112167.0,625105659.0,791217826.0,"['Action', 'Adventure', 'Sci-Fi']",158.0,57.99999999999999,48.2,35.6,47.3,37.5,27.307582507460573,29.219524822204797,29.559499689230417,False,False,False,False,False,False,True,False,False,False,False,False,False,False,True,False,False,True,False,False
313,Robin Hood: Prince of Thieves (1991),Warner Bros.,165493908.0,225000000.0,390493908.0,"['Action', 'Adventure', 'Drama', 'Romance']",143.0,69.0,63.0,53.2,61.7,37.7,27.302202870028967,27.74534976054121,28.540724800509057,False,False,False,False,False,False,True,False,False,True,True,False,False,False,False,False,False,True,False,False
315,Kung Fu Panda 2 (2011),DreamWorks,165249063.0,500443218.0,665692281.0,"['Action', 'Adventure', 'Animation', 'Comedy', 'Family', 'Fantasy']",90.0,72.0,70.8,60.0,67.6,45.5,27.300066850444054,28.898631144329904,29.310280198757134,False,True,True,False,False,False,True,False,False,False,False,True,True,False,False,False,False,True,False,False
317,Eternals (2021),Walt Disney Studios Motion Pictures,164819595.0,237027887.0,401847482.0,"['Action', 'Adventure', 'Fantasy', 'Sci-Fi']",156.0,63.0,59.400000000000006,50.4,57.6,35.9,27.29631253031425,27.820481565352317,28.582072801016537,False,False,False,False,False,False,True,False,False,False,False,False,True,False,True,False,False,True,False,False
322,Clash of the Titans (2010),Warner Bros.,163214888.0,330000105.0,493214993.0,"['Action', 'Adventure', 'Fantasy']",106.0,57.99999999999999,47.199999999999996,39.2,48.1,32.7,27.28219742096786,28.297891242609246,28.877641415283243,False,False,False,False,False,False,True,False,False,False,False,False,True,False,False,False,False,True,False,False
323,The SpongeBob Movie: Sponge Out of Water (2015),Paramount Pictures,162994032.0,162192000.0,325186032.0,"['Adventure', 'Animation', 'Comedy', 'Family', 'Fantasy']",92.0,60.0,53.2,53.400000000000006,55.5,33.5,27.28024390047777,27.273127420547045,28.27669004850102,False,True,True,False,False,False,False,False,False,False,False,True,True,False,False,False,False,True,False,False
326,A Bug's Life (1998),Walt Disney Studios Motion Pictures,162798565.0,200460294.0,363258859.0,"['Adventure', 'Animation', 'Comedy', 'Family', 'Fantasy']",95.0,72.0,68.60000000000001,60.8,67.1,39.9,27.278512742016893,27.578741263499175,28.43642274120896,False,True,True,False,False,False,False,False,False,False,False,True,True,False,False,False,False,True,False,False
330,Ice Age: Continental Drift (2012),Twentieth Century Fox,161321843.0,715922939.0,877244782.0,"['Adventure', 'Animation', 'Comedy', 'Family']",88.0,65.0,53.400000000000006,44.00000000000001,54.1,42.5,27.26536655192763,29.415229065155856,29.7084042203583,False,True,True,False,False,False,False,False,False,False,False,True,False,False,False,False,False,True,False,False
332,Die Another Day (2002),Metro-Goldwyn-Mayer (MGM),160942139.0,271028977.0,431971116.0,"['Action', 'Adventure', 'Thriller']",133.0,61.0,48.4,42.400000000000006,50.6,32.9,27.261966871157234,28.01387186432873,28.686359608069353,False,False,False,False,False,False,True,False,False,False,False,False,False,False,False,True,False,True,False,False
333,Shark Tale (2004),DreamWorks Distribution,160861908.0,213721971.0,374583879.0,"['Adventure', 'Animation', 'Comedy', 'Family', 'Thriller']",90.0,60.0,54.6,36.8,50.5,31.8,27.261247496312183,27.67115998634515,28.48071357062001,False,True,True,False,False,False,False,False,False,False,False,True,False,False,False,True,False,True,False,False
334,How to Train Your Dragon: The Hidden World (2019),Universal Pictures,160799505.0,363589578.0,524389083.0,"['Action', 'Adventure', 'Animation', 'Comedy', 'Family', 'Fantasy']",104.0,74.0,73.4,62.0,69.8,44.1,27.26068772447678,28.43773560554179,28.966062410208327,False,True,True,False,False,False,True,False,False,False,False,True,True,False,False,False,False,True,False,False
335,No Time to Die (2021),Metro-Goldwyn-Mayer (MGM),160772007.0,613262000.0,774034007.0,"['Action', 'Adventure', 'Thriller']",163.0,73.0,70.19999999999999,61.199999999999996,68.1,47.6,27.26044099100164,29.19192831808334,29.527821711324503,False,False,False,False,False,False,True,False,False,False,False,False,False,False,False,True,False,True,False,False
338,Fantastic Beasts: The Crimes of Grindelwald (2018),Warner Bros.,159555901.0,495300000.0,654855901.0,"['Adventure', 'Family', 'Fantasy']",134.0,65.0,53.400000000000006,44.400000000000006,54.3,38.6,27.249486725196576,28.883727380071225,29.286602240124722,False,False,False,False,False,False,False,False,False,False,False,True,True,False,False,False,False,True,False,False
341,The Secret Life of Pets 2 (2019),Universal Pictures,158874395.0,271176898.0,430051293.0,"['Adventure', 'Animation', 'Comedy', 'Family']",86.0,64.0,54.0,48.6,55.5,35.3,27.243311390499635,28.014659037276417,28.67993350203803,False,True,True,False,False,False,False,False,False,False,False,True,False,False,False,False,False,True,False,False
342,Star Trek Beyond (2016),Paramount Pictures,158848340.0,184623476.0,343471816.0,"['Action', 'Adventure', 'Sci-Fi', 'Thriller']",122.0,70.0,65.4,57.599999999999994,64.3,38.2,27.243074772749416,27.460010771212502,28.355616480892703,False,False,False,False,False,False,True,False,False,False,False,False,False,False,True,True,False,True,False,False
345,X-Men (2000),Twentieth Century Fox,157299718.0,139039810.0,296339528.0,"['Action', 'Adventure', 'Sci-Fi']",104.0,73.0,66.39999999999999,57.400000000000006,65.6,38.0,27.228940843454748,27.050922774900638,28.142675835772955,False,False,False,False,False,False,True,False,False,False,False,False,False,False,True,False,False,True,False,False
347,Who Framed Roger Rabbit (1988),Walt Disney Studios Motion Pictures,156452370.0,173351588.0,329803958.0,"['Adventure', 'Animation', 'Comedy', 'Crime', 'Family', 'Fantasy', 'Mystery']",104.0,77.0,78.0,72.6,75.9,43.7,27.221148272336407,27.369125811614445,28.297033471860658,True,True,True,False,False,False,False,False,False,False,False,True,True,True,False,False,False,True,False,False
349,X-Men: Apocalypse (2016),Twentieth Century Fox,155442489.0,388491616.0,543934105.0,"['Action', 'Adventure', 'Sci-Fi']",144.0,69.0,52.800000000000004,49.800000000000004,57.2,38.2,27.211805666261967,28.53330822340566,29.01885664559675,False,False,False,False,False,False,True,False,False,False,False,False,False,False,True,False,False,True,False,False
350,The Mummy (1999),Universal Pictures,155385488.0,260547918.0,415933406.0,"['Action', 'Adventure', 'Fantasy']",124.0,71.0,69.4,54.6,65.0,39.8,27.211276530746293,27.956973485551046,28.63177731985881,False,False,False,False,False,False,True,False,False,False,False,False,True,False,False,False,False,True,False,False
351,Snow White and the Huntsman (2012),Universal Pictures,155332381.0,241260448.0,396592829.0,"['Action', 'Adventure', 'Drama', 'Fantasy']",127.0,61.0,51.0,46.2,52.7,33.3,27.2107833682093,27.84601618003465,28.563083350786513,False,False,False,False,False,False,True,False,False,False,True,False,True,False,False,False,False,True,False,False
352,San Andreas (2015),Warner Bros.,155190832.0,318818322.0,474009154.0,"['Action', 'Adventure', 'Thriller']",114.0,61.0,50.2,41.8,51.0,33.8,27.209468090987258,28.24815930028108,28.820339679620922,False,False,False,False,False,False,True,False,False,False,False,False,False,False,False,True,False,True,False,False
354,Over the Hedge (2006),DreamWorks,155019340.0,184776550.0,339795890.0,"['Adventure', 'Animation', 'Comedy', 'Family']",83.0,67.0,62.4,52.6,60.7,36.3,27.207872974479237,27.461206434979616,28.34009316161374,False,True,True,False,False,False,False,False,False,False,False,True,False,False,False,False,False,True,False,False
355,Fantastic Four (2005),Twentieth Century Fox,154696080.0,178839854.0,333535934.0,"['Action', 'Adventure', 'Fantasy', 'Sci-Fi']",106.0,57.00000000000001,48.2,35.6,46.9,29.3,27.20486139844426,27.41409303231552,28.313266959821718,False,False,False,False,False,False,True,False,False,False,False,False,True,False,True,False,False,True,False,False
356,Horton Hears a Who! (2008),Twentieth Century Fox,154529439.0,144043360.0,298572799.0,"['Adventure', 'Animation', 'Comedy', 'Drama', 'Family', 'Fantasy', 'Music']",86.0,68.0,58.8,51.2,59.3,34.9,27.20330646747764,27.1019279168833,28.153507496120827,False,True,True,False,False,True,False,False,False,False,True,True,True,False,False,False,False,True,False,False
357,Mad Max: Fury Road (2015),Warner Bros.,154058340.0,221600410.0,375658750.0,"['Action', 'Adventure', 'Sci-Fi', 'Thriller']",120.0,81.0,82.6,75.4,79.7,46.4,27.198901544371033,27.72338530972977,28.484847465609082,False,False,False,False,False,False,True,False,False,False,False,False,False,False,True,True,False,True,False,False
359,Trolls (2016),Twentieth Century Fox,153707064.0,193157822.0,346864886.0,"['Adventure', 'Animation', 'Comedy', 'Family', 'Fantasy', 'Musical', 'Romance']",92.0,64.0,53.800000000000004,43.2,53.7,32.9,27.195608228379918,27.525204860340068,28.36979855948757,False,True,True,True,False,True,False,False,False,True,False,True,True,False,False,False,False,True,False,False
360,Scooby-Doo (2002),Warner Bros.,153294164.0,122356539.0,275650703.0,"['Adventure', 'Comedy', 'Family', 'Fantasy', 'Mystery']",89.0,52.0,65.0,39.2,52.1,30.9,27.19172753288277,26.86651596334241,28.038266039879712,True,True,False,False,False,False,False,False,False,False,False,True,True,False,False,False,False,True,False,False
361,Cars 3 (2017),Walt Disney Studios Motion Pictures,152901115.0,231029541.0,383930656.0,"['Adventure', 'Animation', 'Comedy', 'Family', 'Sport']",102.0,67.0,59.00000000000001,52.400000000000006,59.5,36.5,27.188023686393464,27.783502095282795,28.516270519839644,False,True,True,False,False,False,False,False,False,False,False,True,False,False,False,False,False,True,False,True
365,Divergent (2014),Lionsgate,150947895.0,137937923.0,288885818.0,"['Action', 'Adventure', 'Mystery', 'Sci-Fi']",139.0,65.99999999999999,57.00000000000001,43.8,55.6,32.9,27.16947539740631,27.039443907774636,28.105924139867884,True,False,False,False,False,False,True,False,False,False,False,False,False,False,True,False,False,True,False,False
369,G.I. Joe: The Rise of Cobra (2009),Paramount Pictures,150201498.0,152267519.0,302469017.0,"['Action', 'Adventure', 'Sci-Fi', 'Thriller']",118.0,57.00000000000001,45.0,37.4,46.5,28.6,27.1623239604091,27.1820329847372,28.17221212856145,False,False,False,False,False,False,True,False,False,False,False,False,False,False,True,True,False,True,False,False
372,Puss in Boots (2011),DreamWorks,149260504.0,405726973.0,554987477.0,"['Adventure', 'Animation', 'Comedy', 'Family', 'Fantasy']",90.0,65.99999999999999,61.4,53.6,60.3,39.9,27.153257221814933,28.595933976160712,29.04787997727546,False,True,True,False,False,False,False,False,False,False,False,True,True,False,False,False,False,True,False,False
373,Sonic the Hedgehog (2020),Paramount Pictures,148974665.0,170741018.0,319715683.0,"['Action', 'Adventure', 'Comedy', 'Sci-Fi']",99.0,65.0,58.60000000000001,50.6,58.1,34.7,27.15049176235926,27.347234445211964,28.252214273412473,False,True,False,False,False,False,True,False,False,False,False,False,False,False,True,False,False,True,False,False
383,War for the Planet of the Apes (2017),Twentieth Century Fox,146880162.0,343839601.0,490719763.0,"['Action', 'Adventure', 'Drama', 'Sci-Fi', 'Thriller']",140.0,74.0,73.6,64.8,70.8,44.0,27.130064314170145,28.3571604728391,28.87032413404681,False,False,False,False,False,False,True,False,False,False,True,False,False,False,True,True,False,True,False,False
384,X-Men: First Class (2011),Twentieth Century Fox,146408305.0,206208385.0,352616690.0,"['Action', 'Adventure', 'Sci-Fi']",131.0,77.0,71.0,63.800000000000004,70.6,41.5,27.125422151808838,27.619527756945395,28.393525520797212,False,False,False,False,False,False,True,False,False,False,False,False,False,False,True,False,False,True,False,False
387,Lilo & Stitch (2002),Walt Disney Studios Motion Pictures,145794338.0,127349813.0,273144151.0,"['Adventure', 'Animation', 'Comedy', 'Drama', 'Family', 'Fantasy', 'Sci-Fi']",85.0,73.0,78.8,64.2,72.0,40.8,27.119359452028945,26.924221600264435,28.025087289168887,False,True,True,False,False,False,False,False,False,False,True,True,True,False,True,False,False,True,False,False
398,Pokmon Detective Pikachu (2019),Warner Bros.,144105346.0,289409488.0,433514834.0,"['Action', 'Adventure', 'Comedy', 'Family', 'Mystery', 'Sci-Fi']",104.0,65.0,61.8,54.6,60.5,37.9,27.102548616503476,28.108536979054808,28.6915061194943,True,True,False,False,False,False,True,False,False,False,False,True,False,False,True,False,False,True,False,False
399,Rio (2011),Twentieth Century Fox,143619809.0,340246709.0,483866518.0,"['Adventure', 'Animation', 'Comedy', 'Family', 'Music', 'Musical']",96.0,69.0,64.2,52.0,61.7,39.3,27.09767950808658,28.34200596658176,28.850033871930947,False,True,True,True,False,True,False,False,False,False,False,True,False,False,False,False,False,True,False,False
400,Kung Fu Panda 3 (2016),Twentieth Century Fox,143528619.0,377642206.0,521170825.0,"['Action', 'Adventure', 'Animation', 'Comedy', 'Family', 'Fantasy']",95.0,71.0,64.60000000000001,56.2,63.9,41.1,27.09676319197705,28.492444771108392,28.957181083592232,False,True,True,False,False,False,True,False,False,False,False,True,True,False,False,False,False,True,False,False
403,The Smurfs (2011),Sony Pictures Entertainment (SPE),142614158.0,421135165.0,563749323.0,"['Adventure', 'Animation', 'Comedy', 'Family', 'Fantasy']",103.0,54.0,45.0,31.0,43.3,31.5,27.087541971332854,28.649708105403732,29.070478554952278,False,True,True,False,False,False,False,False,False,False,False,True,True,False,False,False,False,True,False,False
405,xXx (2002),Revolution Studios,142109382.0,135339000.0,277448382.0,"['Action', 'Adventure', 'Thriller']",124.0,57.99999999999999,49.800000000000004,37.0,48.3,29.0,27.082426562927054,27.012002392936562,28.0476441487256,False,False,False,False,False,False,True,False,False,False,False,False,False,False,False,True,False,True,False,False
406,The Chronicles of Narnia: Prince Caspian (2008),Walt Disney Studios Motion Pictures,141621490.0,278044078.0,419665568.0,"['Action', 'Adventure', 'Family', 'Fantasy']",150.0,65.0,60.4,49.2,58.2,36.5,27.077464959294062,28.050738368922623,28.64466485941252,False,False,False,False,False,False,True,False,False,False,False,True,True,False,False,False,False,True,False,False
407,Pocahontas (1995),Walt Disney Studios Motion Pictures,141579773.0,204500000.0,346079773.0,"['Adventure', 'Animation', 'Drama', 'Family', 'Musical', 'Romance']",81.0,67.0,64.0,50.6,60.5,36.3,27.0770399265183,27.607525602265923,28.366529383221895,False,False,True,True,False,True,False,False,False,True,True,True,False,False,False,False,False,True,False,False
413,Shazam! (2019),Warner Bros.,140371656.0,225600000.0,365971656.0,"['Action', 'Adventure', 'Comedy', 'Fantasy']",132.0,70.0,65.19999999999999,60.199999999999996,65.1,39.0,27.06467641357033,27.749191826835606,28.44715667719373,False,True,False,False,False,False,True,False,False,False,False,False,True,False,False,False,False,True,False,False
416,Stuart Little (1999),Sony Pictures Entertainment (SPE),140035367.0,160100000.0,300135367.0,"['Adventure', 'Comedy', 'Family', 'Fantasy']",84.0,60.0,55.599999999999994,39.800000000000004,51.8,31.2,27.061215995924456,27.25439806695307,28.161038090661396,False,True,False,False,False,False,False,False,False,False,False,True,True,False,False,False,False,True,False,False
428,A Christmas Carol (2009),Walt Disney Studios Motion Pictures,137855863.0,187430783.0,325286646.0,"['Adventure', 'Animation', 'Comedy', 'Drama', 'Family', 'Fantasy']",96.0,68.0,61.6,54.400000000000006,61.3,36.4,27.03858538546878,27.481782674925935,28.277136355701646,False,True,True,False,False,False,False,False,False,False,True,True,True,False,False,False,False,True,False,False
429,Dinosaur (2000),Walt Disney Studios Motion Pictures,137748063.0,212074702.0,349822765.0,"['Adventure', 'Animation', 'Drama', 'Family', 'Fantasy']",82.0,64.0,56.39999999999999,43.8,54.7,33.5,27.0374567909992,27.65999729380091,28.382048935962644,False,False,True,False,False,False,False,False,False,False,True,True,True,False,False,False,False,True,False,False
430,Ready Player One (2018),Warner Bros.,137690172.0,445203499.0,582893671.0,"['Action', 'Adventure', 'Sci-Fi']",140.0,74.0,64.60000000000001,51.800000000000004,63.5,42.0,27.0368503460745,28.729889690435805,29.118657496192817,False,False,False,False,False,False,True,False,False,False,False,False,False,False,True,False,False,True,False,False
438,Chicken Little (2005),Walt Disney Studios Motion Pictures,135386665.0,179046172.0,314432837.0,"['Adventure', 'Animation', 'Comedy', 'Family', 'Fantasy', 'Sci-Fi']",81.0,57.00000000000001,54.2,36.6,49.3,30.2,27.012510405797734,27.41575643332476,28.228176648779677,False,True,True,False,False,False,False,False,False,False,False,True,True,False,True,False,False,True,False,False
439,Teenage Mutant Ninja Turtles (1990),New Line Cinema,135265915.0,66700000.0,201965915.0,"['Action', 'Adventure', 'Comedy', 'Family', 'Sci-Fi']",93.0,67.0,66.60000000000001,58.60000000000001,64.1,35.6,27.011223106502488,25.991183425621397,27.58953659460216,False,True,False,False,False,False,True,False,False,False,False,True,False,False,True,False,False,True,False,False
443,The Incredible Hulk (2008),Universal Pictures,134806913.0,129964083.0,264770996.0,"['Action', 'Adventure', 'Sci-Fi']",112.0,65.99999999999999,50.0,47.0,54.3,31.8,27.00631924000363,26.95353773283524,27.98016985171702,False,False,False,False,False,False,True,False,False,False,False,False,False,False,True,False,False,True,False,False
447,Superman (1978),Warner Bros.,134451603.0,166000000.0,300451603.0,"['Action', 'Adventure', 'Sci-Fi']",143.0,74.0,72.6,62.6,69.7,40.1,27.002511714952036,27.306608000671098,28.162557378204763,False,False,False,False,False,False,True,False,False,False,False,False,False,False,True,False,False,True,False,False
448,The Rock (1996),Walt Disney Studios Motion Pictures,134069511.0,200993110.0,335062621.0,"['Action', 'Adventure', 'Thriller']",136.0,74.0,69.80000000000001,59.199999999999996,67.7,39.7,26.99840594764457,27.582570806079207,28.319855510082363,False,False,False,False,False,False,True,False,False,False,False,False,False,False,False,True,False,True,False,False
449,Mission: Impossible III (2006),Paramount Pictures,134029801.0,264449696.0,398479497.0,"['Action', 'Adventure', 'Thriller']",126.0,69.0,65.99999999999999,54.2,63.1,38.5,26.99797857302682,27.978418076018915,28.569930254111657,False,False,False,False,False,False,True,False,False,False,False,False,False,False,False,True,False,True,False,False
