,Title,Distributor,Domestic Sales (in $),International Sales (in $),World Sales (in $),Genre,Runtime (Min),Imdb Standardized,Letterboxd Standardized,Rateyourmusic Standardized,Average Rating,Worldwide Popularity,Domestic Sales (Log),International Sales (Log),World Sales (Log),Mystery,Thriller,Music,Drama,Comedy,Western,Crime,History,Horror,Biography,Musical,Sci-Fi,Romance,Adventure,Action,Family,Fantasy,Animation,Sport,War
2,Avatar (2009),Twentieth Century Fox,760507625.0,2086738578.0,2847246203.0,"['Action', 'Adventure', 'Fantasy', 'Sci-Fi']",162.0,79.0,70.6,54.2,67.9,84.0,29.502387471867262,30.958602728156077,31.406920103121838,False,False,False,False,False,False,False,False,False,False,False,True,False,True,True,False,True,False,False,False
5,Spider-Man: No Way Home (2021),Sony Pictures Entertainment (SPE),675813257.0,868642706.0,1544455963.0,"['Action', 'Adventure', 'Fantasy', 'Sci-Fi']",148.0,82.0,80.39999999999999,65.99999999999999,76.1,65.2,29.332049410311722,29.69418764237637,30.52445159004262,False,False,False,False,False,False,False,False,False,False,False,True,False,True,True,False,True,False,False,False
9,Star Wars: Episode VIII - The Last Jedi (2017),Walt Disney Studios Motion Pictures,620181382.0,712517448.0,1332698830.0,"['Action', 'Adventure', 'Fantasy', 'Sci-Fi']",152.0,69.0,61.8,55.800000000000004,62.2,54.5,29.208114975634018,29.408350102154678,30.311703643748018,False,False,False,False,False,False,False,False,False,False,False,True,False,True,True,False,True,False,False,False
14,Star Wars: Episode IX - The Rise of Skywalker (2019),Walt Disney Studios Motion Pictures,515202542.0,558946737.0,1074149279.0,"['Action', 'Adventure', 'Fantasy', 'Sci-Fi']",141.0,65.0,50.4,43.4,52.9,45.3,28.94056447080016,29.058135571814837,30.000547358582672,False,False,False,False,False,False,False,False,False,False,False,True,False,True,True,False,True,False,False,False
15,Beauty and the Beast (2017),Walt Disney Studios Motion Pictures,504481165.0,769095055.0,1273576220.0,"['Adventure', 'Family', 'Fantasy', 'Musical', 'Romance']",129.0,71.0,62.4,48.8,60.7,52.7,28.910225165856996,29.518586675754474,30.246238157473897,False,False,True,False,False,False,False,False,False,False,True,False,True,True,False,True,True,False,False,False
17,Frozen II (2019),Walt Disney Studios Motion Pictures,477373578.0,972653355.0,1450026933.0,"['Adventure', 'Animation', 'Comedy', 'Family', 'Fantasy', 'Musical']",103.0,68.0,64.60000000000001,52.800000000000004,61.8,56.4,28.830543476454352,29.85735049203129,30.433432551291762,False,False,True,False,True,False,False,False,False,False,True,False,False,True,False,True,True,True,False,False
18,Star Wars: Episode I - The Phantom Menace (1999),Twentieth Century Fox,474544677.0,552538030.0,1027082707.0,"['Action', 'Adventure', 'Fantasy', 'Sci-Fi']",136.0,65.0,55.99999999999999,46.8,55.9,46.0,28.821968678278072,29.041498524606077,29.935905214974785,False,False,False,False,False,False,False,False,False,False,False,True,False,True,True,False,True,False,False,False
19,Star Wars: Episode IV - A New Hope (1977),Twentieth Century Fox,460998507.0,195751992.0,775398007.0,"['Action', 'Adventure', 'Fantasy', 'Sci-Fi']",121.0,86.0,84.00000000000001,77.60000000000001,82.5,54.9,28.78018683741689,27.544451747759016,29.530361786043922,False,False,False,False,False,False,False,False,False,False,False,True,False,True,True,False,True,False,False,False
22,Shrek 2 (2004),DreamWorks Distribution,441226247.0,487534523.0,928760770.0,"['Adventure', 'Animation', 'Comedy', 'Family', 'Fantasy', 'Romance']",93.0,73.0,79.0,62.4,71.5,52.1,28.71694337344262,28.860929140827675,29.790731794478802,False,False,False,False,True,False,False,False,False,False,False,False,True,True,False,True,True,True,False,False
24,Toy Story 4 (2019),Walt Disney Studios Motion Pictures,434038008.0,639356585.0,1073394593.0,"['Adventure', 'Animation', 'Comedy', 'Family', 'Fantasy']",100.0,77.0,70.39999999999999,66.8,71.4,54.5,28.693246141750645,29.252045541484883,29.999533379954674,False,False,False,False,True,False,False,False,False,False,False,False,False,True,False,True,True,True,False,False
27,Pirates of the Caribbean: Dead Man's Chest (2006),Walt Disney Studios Motion Pictures,423315812.0,642863935.0,1066179747.0,"['Action', 'Adventure', 'Fantasy']",151.0,73.0,70.39999999999999,55.99999999999999,66.5,52.0,28.65715913735584,29.25993817616505,29.98980353621555,False,False,False,False,False,False,False,False,False,False,False,False,False,True,True,False,True,False,False,False
30,Toy Story 3 (2010),Walt Disney Studios Motion Pictures,415004880.0,651965931.0,1066970811.0,"['Adventure', 'Animation', 'Comedy', 'Family', 'Fantasy']",103.0,83.0,79.4,75.4,79.3,58.4,28.62855306016185,29.280221336344297,29.990873563043113,False,False,False,False,True,False,False,False,False,False,False,False,False,True,False,True,True,True,False,False
31,Wonder Woman (2017),Warner Bros.,412815408.0,410009114.0,822824522.0,"['Action', 'Adventure', 'Fantasy', 'Sci-Fi', 'War']",141.0,74.0,67.6,56.2,65.9,47.4,28.62092157828629,28.611080738528308,29.616009549121955,False,False,False,False,False,False,False,False,False,False,False,True,False,True,True,False,True,False,False,True
36,Jumanji: Welcome to the Jungle (2017),Sony Pictures Entertainment (SPE),404540171.0,558002774.0,962542945.0,"['Action', 'Adventure', 'Comedy', 'Fantasy']",119.0,69.0,62.8,54.400000000000006,62.1,48.0,28.59170772905932,29.05569705324314,29.84227566878744,False,False,False,False,True,False,False,False,False,False,False,False,False,True,True,False,True,False,False,False
39,Frozen (2013),Walt Disney Studios Motion Pictures,400953009.0,880555091.0,1281508100.0,"['Adventure', 'Animation', 'Comedy', 'Family', 'Fantasy', 'Musical']",102.0,74.0,67.6,55.400000000000006,65.7,55.4,28.578857924319838,29.71383802667176,30.255195451455315,False,False,True,False,True,False,False,False,False,False,True,False,False,True,False,True,True,True,False,False
42,Harry Potter and the Deathly Hallows: Part 2 (2011),Warner Bros.,381409310.0,960912354.0,1342321665.0,"['Adventure', 'Fantasy', 'Mystery']",130.0,81.0,78.8,60.6,73.5,60.3,28.506764818604054,29.8398296061062,30.322083284759252,True,False,False,False,False,False,False,False,False,False,False,False,False,True,False,False,True,False,False,False
44,Star Wars: Episode III - Revenge of the Sith (2005),Twentieth Century Fox,380270577.0,488119983.0,868390560.0,"['Action', 'Adventure', 'Fantasy', 'Sci-Fi']",140.0,76.0,73.0,59.599999999999994,69.5,50.0,28.50245107551062,28.862660574106208,29.693768802054247,False,False,False,False,False,False,False,False,False,False,False,True,False,True,True,False,True,False,False,False
45,The Lord of the Rings: The Return of the King (2003),New Line Cinema,377845905.0,768185007.0,1146030912.0,"['Action', 'Adventure', 'Drama', 'Fantasy']",201.0,90.0,88.6,78.2,85.6,62.9,28.493222746406683,29.51687856553774,30.093998812555462,False,False,False,True,False,False,False,False,False,False,False,False,False,True,True,False,True,False,False,False
50,The Jungle Book (2016),Walt Disney Studios Motion Pictures,364001123.0,602553806.0,966554929.0,"['Adventure', 'Drama', 'Family', 'Fantasy']",106.0,74.0,64.4,59.00000000000001,65.8,49.9,28.43936766046801,29.16651483394094,29.84827648175176,False,False,False,True,False,False,False,False,False,False,False,False,False,True,False,True,True,False,False,False
52,Inside Out (2015),Walt Disney Studios Motion Pictures,356921711.0,501926308.0,858848019.0,"['Adventure', 'Animation', 'Comedy', 'Drama', 'Family', 'Fantasy', 'Sci-Fi']",95.0,82.0,77.2,72.8,77.3,53.7,28.41103242008059,28.902900324695118,29.677827614986395,False,False,False,True,True,False,False,False,False,False,False,True,False,True,False,True,True,True,False,False
53,Aladdin (2019),Walt Disney Studios Motion Pictures,355559216.0,695134737.0,1050693953.0,"['Adventure', 'Comedy', 'Family', 'Fantasy', 'Musical', 'Romance']",128.0,69.0,61.0,49.2,59.7,48.3,28.40551461012558,29.372717399614004,29.968695355077113,False,False,True,False,True,False,False,False,False,False,True,False,True,True,False,True,True,False,False,False
57,The Lord of the Rings: The Two Towers (2002),New Line Cinema,342551365.0,604943730.0,947495095.0,"['Action', 'Adventure', 'Drama', 'Fantasy']",179.0,88.00000000000001,86.6,76.4,83.7,58.5,28.351745093083334,29.172225712683797,29.819543233847018,False,False,False,True,False,False,False,False,False,False,False,False,False,True,True,False,True,False,False,False
63,Aquaman (2018),Warner Bros.,335061807.0,813424079.0,1148485886.0,"['Action', 'Adventure', 'Fantasy', 'Sci-Fi']",143.0,68.0,58.4,50.8,59.1,49.7,28.319852005199643,29.599432457225866,30.097085981208913,False,False,False,False,False,False,False,False,False,False,False,True,False,True,True,False,True,False,False,False
65,Alice in Wonderland (2010),Walt Disney Studios Motion Pictures,334191110.0,691277106.0,1025468216.0,"['Adventure', 'Family', 'Fantasy', 'Mystery']",108.0,64.0,60.8,44.2,56.3,46.2,28.316098115090753,29.36468890576642,29.93363563070915,True,False,False,False,False,False,False,False,False,False,False,False,False,True,False,True,True,False,False,False
70,Suicide Squad (2016),Warner Bros.,325100054.0,421746840.0,746846894.0,"['Action', 'Adventure', 'Fantasy', 'Sci-Fi']",123.0,59.00000000000001,42.400000000000006,32.599999999999994,44.7,35.5,28.276308554762743,28.651802018048233,29.47623727533098,False,False,False,False,False,False,False,False,False,False,False,True,False,True,True,False,True,False,False,False
72,Shrek the Third (2007),DreamWorks,322719944.0,490647436.0,813367380.0,"['Adventure', 'Animation', 'Comedy', 'Family', 'Fantasy', 'Romance']",93.0,61.0,55.199999999999996,43.2,53.1,40.8,28.265707497818678,28.8701114800993,29.599331891949713,False,False,False,False,True,False,False,False,False,False,False,False,True,True,False,True,True,True,False,False
73,Jumanji: The Next Level (2019),Sony Pictures Entertainment (SPE),320314960.0,479744747.0,800059707.0,"['Action', 'Adventure', 'Comedy', 'Fantasy']",123.0,67.0,59.599999999999994,53.0,59.9,44.0,28.254915938459714,28.837691768711757,29.575532428822058,False,False,False,False,True,False,False,False,False,False,False,False,False,True,True,False,True,False,False,False
76,Harry Potter and the Sorcerer's Stone (2001),Warner Bros.,318087620.0,698725454.0,1016813075.0,"['Adventure', 'Family', 'Fantasy']",152.0,76.0,75.8,59.400000000000006,70.4,53.1,28.24484898224269,29.38015045653311,29.921407340893758,False,False,False,False,False,False,False,False,False,False,False,False,False,True,False,True,True,False,False,False
78,The Lord of the Rings: The Fellowship of the Ring (2001),New Line Cinema,315710750.0,581979322.0,897690072.0,"['Action', 'Adventure', 'Drama', 'Fantasy']",178.0,88.00000000000001,86.6,78.2,84.3,57.9,28.23402814457604,29.116392653507333,29.741642198758008,False,False,False,True,False,False,False,False,False,False,False,False,False,True,True,False,True,False,False,False
79,Thor: Ragnarok (2017),Walt Disney Studios Motion Pictures,315058289.0,538925622.0,853983911.0,"['Action', 'Adventure', 'Comedy', 'Fantasy', 'Sci-Fi']",130.0,79.0,77.0,66.60000000000001,74.2,52.1,28.23104352571686,29.005510937130364,29.669633648922225,False,False,False,False,True,False,False,False,False,False,False,True,False,True,True,False,True,False,False,False
81,Star Wars: Episode II - Attack of the Clones (2002),Twentieth Century Fox,310676740.0,343103230.0,653779970.0,"['Action', 'Adventure', 'Fantasy', 'Sci-Fi']",142.0,65.99999999999999,54.6,45.0,55.2,39.1,28.210838991730814,28.354067466699647,29.284229936717495,False,False,False,False,False,False,False,False,False,False,False,True,False,True,True,False,True,False,False,False
82,Pirates of the Caribbean: At World's End (2007),Walt Disney Studios Motion Pictures,309420425.0,651576067.0,960996492.0,"['Action', 'Adventure', 'Fantasy']",169.0,71.0,66.39999999999999,51.2,62.9,48.3,28.204993192064325,29.279358372393684,29.839955923725977,False,False,False,False,False,False,False,False,False,False,False,False,False,True,True,False,True,False,False,False
83,Star Wars: Episode VI - Return of the Jedi (1983),Twentieth Century Fox,309306177.0,122009457.0,475106177.0,"['Action', 'Adventure', 'Fantasy', 'Sci-Fi']",131.0,83.0,80.19999999999999,73.0,78.7,47.7,28.20446040415971,26.862417735069265,28.82367472288688,False,False,False,False,False,False,False,False,False,False,False,True,False,True,True,False,True,False,False,False
85,Pirates of the Caribbean: The Curse of the Black Pearl (2003),Walt Disney Studios Motion Pictures,305413918.0,348850097.0,654264015.0,"['Action', 'Adventure', 'Fantasy']",143.0,81.0,77.4,65.19999999999999,74.5,48.7,28.18619056770404,28.378031993891696,29.28529768269691,False,False,False,False,False,False,False,False,False,False,False,False,False,True,True,False,True,False,False,False
87,The Hobbit: An Unexpected Journey (2012),Warner Bros.,303003568.0,714000000.0,1017003568.0,"['Adventure', 'Fantasy']",169.0,78.0,68.2,60.199999999999996,68.8,52.3,28.174759541264446,29.411348833353273,29.92167759466336,False,False,False,False,False,False,False,False,False,False,False,False,False,True,False,False,True,False,False,False
88,Harry Potter and the Half-Blood Prince (2009),Warner Bros.,302305431.0,632148664.0,934454096.0,"['Action', 'Adventure', 'Family', 'Fantasy', 'Mystery']",153.0,76.0,73.4,57.599999999999994,69.0,50.9,28.171431656709526,29.23568863964377,29.799548554048727,True,False,False,False,False,False,False,False,False,False,False,False,False,True,True,True,True,False,False,False
89,The Twilight Saga: Eclipse (2010),Summit Entertainment,300531751.0,397959596.0,698491347.0,"['Action', 'Adventure', 'Drama', 'Fantasy', 'Romance', 'Thriller']",124.0,50.0,52.800000000000004,34.199999999999996,45.7,35.1,28.16294217795688,28.56804672351256,29.379667002553948,False,True,False,True,False,False,False,False,False,False,False,False,True,True,True,False,True,False,False,False
90,The Twilight Saga: New Moon (2009),Summit Entertainment,297816253.0,413209228.0,711025481.0,"['Adventure', 'Drama', 'Fantasy', 'Romance']",130.0,47.0,52.6,31.8,43.8,34.4,28.149847248689362,28.622297232665805,29.405326021691298,False,False,False,True,False,False,False,False,False,False,False,False,True,True,False,False,True,False,False,False
91,Harry Potter and the Deathly Hallows: Part 1 (2010),Warner Bros.,296347721.0,680695761.0,977043483.0,"['Adventure', 'Family', 'Fantasy', 'Mystery']",146.0,77.0,74.2,60.6,70.6,52.5,28.142715721903425,29.34243488454454,29.863847529391325,True,False,False,False,False,False,False,False,False,False,False,False,False,True,False,True,True,False,False,False
94,Star Wars: Episode V - The Empire Strikes Back (1980),Twentieth Century Fox,292753960.0,190685234.0,538375067.0,"['Action', 'Adventure', 'Fantasy', 'Sci-Fi']",124.0,86.99999999999999,87.79999999999998,81.8,85.5,52.2,28.125113444885073,27.50661788979854,29.00403635710736,False,False,False,False,False,False,False,False,False,False,False,True,False,True,True,False,True,False,False,False
96,Harry Potter and the Order of the Phoenix (2007),Warner Bros.,292353413.0,649818982.0,942172396.0,"['Action', 'Adventure', 'Family', 'Fantasy', 'Mystery']",138.0,75.0,73.4,57.00000000000001,68.5,50.8,28.12313819286304,29.27546264625242,29.81141582328761,True,False,False,False,False,False,False,False,False,False,False,False,False,True,True,True,True,False,False,False
97,The Twilight Saga: Breaking Dawn - Part 2 (2012),Lionsgate,292324737.0,537422917.0,829747654.0,"['Adventure', 'Drama', 'Fantasy', 'Romance']",115.0,55.00000000000001,56.60000000000001,35.4,49.0,39.1,28.1229966766356,29.001482601732665,29.628097404381865,False,False,False,True,False,False,False,False,False,False,False,False,True,True,False,False,True,False,False,False
98,"The Chronicles of Narnia: The Lion, the Witch and the Wardrobe (2005)",Walt Disney Studios Motion Pictures,291710957.0,453302158.0,745013115.0,"['Adventure', 'Family', 'Fantasy']",143.0,69.0,68.8,51.2,63.0,44.6,28.11996433564244,28.75589778846418,29.472690581692383,False,False,False,False,False,False,False,False,False,False,False,False,False,True,False,True,True,False,False,False
100,"Monsters, Inc. (2001)",Walt Disney Studios Motion Pictures,290642256.0,289065482.0,579707738.0,"['Adventure', 'Animation', 'Comedy', 'Family', 'Fantasy']",92.0,81.0,81.4,72.8,78.4,49.4,28.114669228380087,28.106821102536454,29.110750502085345,False,False,False,False,True,False,False,False,False,False,False,False,False,True,False,True,True,True,False,False
101,Harry Potter and the Goblet of Fire (2005),Warner Bros.,290417905.0,606260335.0,896678241.0,"['Adventure', 'Family', 'Fantasy', 'Mystery']",157.0,77.0,76.2,59.400000000000006,70.9,51.2,28.113555160980784,29.175362195308555,29.740015148491835,True,False,False,False,False,False,False,False,False,False,False,False,False,True,False,True,True,False,False,False
105,The Twilight Saga: Breaking Dawn - Part 1 (2011),Summit Entertainment,281287133.0,430918723.0,712205856.0,"['Adventure', 'Drama', 'Fantasy', 'Romance', 'Thriller']",117.0,49.00000000000001,52.800000000000004,31.4,44.4,34.7,28.06746831963756,28.682840542607366,29.407719057180422,False,True,False,True,False,False,False,False,False,False,False,False,True,True,False,False,True,False,False,False
109,The Grinch (2018),Universal Pictures,271094731.0,241474088.0,512568819.0,"['Adventure', 'Animation', 'Comedy', 'Family', 'Fantasy', 'Musical']",85.0,64.0,57.199999999999996,49.6,56.9,37.5,28.014221832311254,27.84729314435219,28.933170477208854,False,False,True,False,True,False,False,False,False,False,True,False,False,True,False,True,True,True,False,False
111,Monsters University (2013),Walt Disney Studios Motion Pictures,268492764.0,475066881.0,743559645.0,"['Adventure', 'Animation', 'Comedy', 'Family', 'Fantasy']",104.0,72.0,66.60000000000001,60.0,66.2,46.2,28.00030796655731,28.823555392741955,29.469873232505535,False,False,False,False,True,False,False,False,False,False,False,False,False,True,False,True,True,True,False,False
112,Shrek (2001),DreamWorks Distribution,267665011.0,220188309.0,487853320.0,"['Adventure', 'Animation', 'Comedy', 'Family', 'Fantasy', 'Romance']",90.0,79.0,80.80000000000001,67.19999999999999,75.7,46.4,27.995853322224402,27.714162629474917,28.86187220541604,False,False,False,False,True,False,False,False,False,False,False,False,True,True,False,True,True,True,False,False
114,Harry Potter and the Chamber of Secrets (2002),Warner Bros.,262450136.0,617152229.0,879602366.0,"['Adventure', 'Family', 'Fantasy', 'Mystery']",161.0,74.0,72.39999999999999,57.599999999999994,68.0,49.4,27.967468104243224,29.201051152744284,29.712276243932838,True,False,False,False,False,False,False,False,False,False,False,False,False,True,False,True,True,False,False,False
118,How the Grinch Stole Christmas (2000),Universal Pictures,260465005.0,85108027.0,345573032.0,"['Comedy', 'Family', 'Fantasy']",104.0,63.0,67.19999999999999,43.8,58.0,35.1,27.95651431008858,26.342791870940232,28.36441539524053,False,False,False,False,True,False,False,False,False,False,False,False,False,False,False,True,True,False,False,False
120,The Hobbit: The Desolation of Smaug (2013),Warner Bros.,258366855.0,700640658.0,959007513.0,"['Adventure', 'Fantasy']",161.0,78.0,67.0,56.60000000000001,67.2,50.4,27.944845762589672,29.384099468896043,29.83696687666283,False,False,False,False,False,False,False,False,False,False,False,False,False,True,False,False,True,False,False,False
121,The Lego Movie (2014),Warner Bros.,257760692.0,210300000.0,468060692.0,"['Action', 'Adventure', 'Animation', 'Comedy', 'Family', 'Fantasy', 'Sci-Fi']",100.0,77.0,75.2,70.8,74.3,45.4,27.941457031407896,27.64787360916859,28.802120370895516,False,False,False,False,True,False,False,False,False,False,False,True,False,True,True,True,True,True,False,False
125,The Hobbit: The Battle of the Five Armies (2014),Warner Bros.,255119788.0,707063077.0,962182865.0,"['Adventure', 'Fantasy']",144.0,74.0,63.0,50.0,62.3,48.0,27.926599562948326,29.397263682501162,29.84173586656347,False,False,False,False,False,False,False,False,False,False,False,False,False,True,False,False,True,False,False,False
129,Night at the Museum (2006),Twentieth Century Fox,250863268.0,323617961.0,574481229.0,"['Adventure', 'Comedy', 'Family', 'Fantasy']",108.0,64.0,63.800000000000004,46.8,58.2,39.2,27.902326002449655,28.269716439569333,29.097684513117308,False,False,False,False,True,False,False,False,False,False,False,False,False,True,False,True,True,False,False,False
131,Harry Potter and the Prisoner of Azkaban (2004),Warner Bros.,249975996.0,547385621.0,797361618.0,"['Adventure', 'Family', 'Fantasy', 'Mystery']",142.0,79.0,82.0,67.0,76.0,52.0,27.897214325528633,29.027982296862685,29.570658920173074,True,False,False,False,False,False,False,False,False,False,False,False,False,True,False,True,True,False,False,False
132,Moana (2016),Walt Disney Studios Motion Pictures,248757044.0,395379444.0,644136488.0,"['Adventure', 'Animation', 'Comedy', 'Family', 'Fantasy', 'Musical']",107.0,76.0,75.2,63.800000000000004,71.7,47.2,27.890162137820447,28.55866262558796,29.2627911767824,False,False,True,False,True,False,False,False,False,False,True,False,False,True,False,True,True,True,False,False
134,Toy Story 2 (1999),Walt Disney Studios Motion Pictures,245852179.0,251523202.0,497375381.0,"['Adventure', 'Animation', 'Comedy', 'Family', 'Fantasy']",92.0,79.0,78.60000000000001,72.39999999999999,76.7,47.1,27.873215900991465,27.9061162480617,28.88975985815307,False,False,False,False,True,False,False,False,False,False,False,False,False,True,False,True,True,True,False,False
137,Ghostbusters (1984),Columbia Pictures,243578797.0,53000000.0,296578797.0,"['Action', 'Comedy', 'Fantasy', 'Sci-Fi']",105.0,78.0,75.8,68.8,74.2,42.3,27.859813314369884,25.659489023887375,28.143840219479518,False,False,False,False,True,False,False,False,False,False,False,True,False,False,True,False,True,False,False,False
138,Bruce Almighty (2003),Universal Pictures,242829261.0,241763613.0,484592874.0,"['Comedy', 'Fantasy']",101.0,68.0,62.8,51.0,60.6,38.8,27.855367036359905,27.849021885014718,28.852197949029616,False,False,False,False,True,False,False,False,False,False,False,False,False,False,False,False,True,False,False,False
141,Maleficent (2014),Walt Disney Studios Motion Pictures,241410378.0,517001401.0,758411779.0,"['Adventure', 'Family', 'Fantasy', 'Romance']",97.0,69.0,64.0,51.0,61.3,44.0,27.846912456597416,28.945592949142036,29.49840613020865,False,False,False,False,False,False,False,False,False,False,False,False,True,True,False,True,True,False,False,False
142,Pirates of the Caribbean: On Stranger Tides (2011),Walt Disney Studios Motion Pictures,241071802.0,804642000.0,1045713802.0,"['Action', 'Adventure', 'Fantasy']",137.0,65.99999999999999,55.400000000000006,47.199999999999996,56.2,46.5,27.844887668878446,29.583771803562932,29.961840913092818,False,False,False,False,False,False,False,False,False,False,False,False,False,True,True,False,True,False,False,False
143,Shrek Forever After (2010),DreamWorks,238736787.0,513864080.0,752600867.0,"['Adventure', 'Animation', 'Comedy', 'Family', 'Fantasy', 'Romance']",93.0,63.0,57.199999999999996,50.2,56.8,41.6,27.830845647819757,28.936811567854075,29.487309710497623,False,False,False,False,True,False,False,False,False,False,False,False,True,True,False,True,True,True,False,False
145,Brave (2012),Walt Disney Studios Motion Pictures,237283207.0,301700000.0,538983207.0,"['Adventure', 'Animation', 'Comedy', 'Family', 'Fantasy']",93.0,71.0,66.60000000000001,57.199999999999996,64.9,41.9,27.822034760873475,28.168539455583513,29.005665082994604,False,False,False,False,True,False,False,False,False,False,False,False,False,True,False,True,True,True,False,False
146,Oz the Great and Powerful (2013),Walt Disney Studios Motion Pictures,234911825.0,258400000.0,493311825.0,"['Adventure', 'Family', 'Fantasy']",130.0,63.0,50.8,48.6,54.1,35.7,27.8075440967124,27.945030829130737,28.877924629168763,False,False,False,False,False,False,False,False,False,False,False,False,False,True,False,True,True,False,False,False
149,Fantastic Beasts and Where to Find Them (2016),Warner Bros.,234037575.0,580006426.0,814044001.0,"['Adventure', 'Family', 'Fantasy']",132.0,72.0,63.800000000000004,55.00000000000001,63.6,46.1,27.802164933840267,29.111493643316653,29.600531536770816,False,False,False,False,False,False,False,False,False,False,False,False,False,True,False,True,True,False,False,False
153,Doctor Strange (2016),Walt Disney Studios Motion Pictures,232641920.0,445154156.0,677796076.0,"['Action', 'Adventure', 'Fantasy', 'Sci-Fi']",115.0,75.0,70.19999999999999,61.0,68.7,46.3,27.79353584011901,28.729729784130566,29.336276043675706,False,False,False,False,False,False,False,False,False,False,False,True,False,True,True,False,True,False,False,False
155,Justice League (2017),Warner Bros.,229024295.0,428902692.0,657926987.0,"['Action', 'Adventure', 'Fantasy', 'Sci-Fi']",120.0,61.0,41.4,37.4,46.6,34.9,27.770925407276483,28.676075130150153,29.29335224984122,False,False,False,False,False,False,False,False,False,False,False,True,False,True,True,False,True,False,False,False
159,Hancock (2008),Sony Pictures Entertainment (SPE),227946274.0,401497154.0,629443428.0,"['Action', 'Drama', 'Fantasy']",92.0,64.0,54.2,45.199999999999996,54.5,38.3,27.764118586263166,28.580814520379125,29.22950147888367,False,False,False,True,False,False,False,False,False,False,False,False,False,False,True,False,True,False,False,False
164,Shang-Chi and the Legend of the Ten Rings (2021),Walt Disney Studios Motion Pictures,224543292.0,207689718.0,432233010.0,"['Action', 'Adventure', 'Fantasy', 'Sci-Fi']",132.0,74.0,72.39999999999999,61.8,69.4,42.3,27.742418382829,27.629854554204957,28.687234015342444,False,False,False,False,False,False,False,False,False,False,False,True,False,True,True,False,True,False,False,False
169,Alvin and the Chipmunks: The Squeakquel (2009),Twentieth Century Fox,219614612.0,223525393.0,443140005.0,"['Adventure', 'Animation', 'Comedy', 'Drama', 'Family', 'Fantasy', 'Music', 'Musical']",88.0,45.0,42.6,24.6,37.4,26.5,27.71039880596762,27.735863493300428,28.72318733284193,False,False,True,True,True,False,False,False,False,False,True,False,False,True,False,True,True,True,False,False
171,Beauty and the Beast (1991),Walt Disney Studios Motion Pictures,218967620.0,186043788.0,424967620.0,"['Animation', 'Family', 'Fantasy', 'Musical', 'Romance']",84.0,80.0,77.60000000000001,68.2,75.3,45.1,27.706142305093284,27.471066978795516,28.662777679772624,False,False,True,False,False,False,False,False,False,False,True,False,True,False,False,True,True,True,False,False
174,Ghost (1990),Paramount Pictures,217631306.0,288072251.0,505703557.0,"['Drama', 'Fantasy', 'Romance', 'Thriller']",127.0,71.0,68.60000000000001,53.0,64.2,41.0,27.697310860550793,28.101855456484,28.913716685177725,False,True,False,True,False,False,False,False,False,False,False,False,True,False,False,False,True,False,False,False
175,How to Train Your Dragon (2010),DreamWorks,217581231.0,277298240.0,494879471.0,"['Action', 'Adventure', 'Animation', 'Comedy', 'Family', 'Fantasy']",98.0,81.0,79.0,68.60000000000001,76.2,46.8,27.696978871242813,28.04686321878199,28.882501955474787,False,False,False,False,True,False,False,False,False,False,False,False,False,True,True,True,True,True,False,False
177,Aladdin (1992),Walt Disney Studios Motion Pictures,217350219.0,286700000.0,504050219.0,"['Adventure', 'Animation', 'Comedy', 'Family', 'Fantasy', 'Musical', 'Romance']",90.0,80.0,77.4,69.4,75.6,46.7,27.69544630836134,28.094966663677337,28.90899223705618,False,False,True,False,True,False,False,False,False,False,True,False,True,True,False,True,True,True,False,False
178,Alvin and the Chipmunks (2007),Twentieth Century Fox,217326974.0,148025572.0,365352546.0,"['Adventure', 'Animation', 'Comedy', 'Drama', 'Family', 'Fantasy', 'Music', 'Musical']",92.0,52.0,49.00000000000001,28.599999999999998,43.2,28.0,27.695292007897468,27.141271187728336,28.444714020058374,False,False,True,True,True,False,False,False,False,False,True,False,False,True,False,True,True,True,False,False
183,Kung Fu Panda (2008),DreamWorks,215434591.0,416311606.0,631746197.0,"['Action', 'Adventure', 'Animation', 'Comedy', 'Family', 'Fantasy']",92.0,76.0,74.4,62.4,70.9,46.5,27.682674672200775,28.633088537815436,29.234769833526954,False,False,False,False,True,False,False,False,False,False,False,False,False,True,True,True,True,True,False,False
187,The Lorax (2012),Universal Pictures,214030500.0,134809816.0,348840316.0,"['Adventure', 'Animation', 'Comedy', 'Drama', 'Family', 'Fantasy', 'Musical']",86.0,64.0,60.0,41.6,55.2,33.7,27.673241158825203,27.006350307391173,28.377991543285145,False,False,True,True,True,False,False,False,False,False,True,False,False,True,False,True,True,True,False,False
192,It Chapter Two (2019),Warner Bros.,211593228.0,261500000.0,473093228.0,"['Drama', 'Fantasy', 'Horror']",169.0,65.0,59.599999999999994,49.00000000000001,57.9,37.3,27.656718214116257,27.962235705571114,28.81754926892176,False,False,False,True,False,False,False,False,True,False,False,False,False,False,False,False,True,False,False,False
195,Coco (2017),Walt Disney Studios Motion Pictures,210460015.0,597357873.0,807817888.0,"['Adventure', 'Animation', 'Comedy', 'Family', 'Fantasy', 'Music', 'Mystery']",105.0,84.00000000000001,83.39999999999999,74.2,80.5,54.4,27.648970922838462,29.154020258285968,29.58945485196233,True,False,True,False,True,False,False,False,False,False,False,False,False,True,False,True,True,True,False,False
202,Charlie and the Chocolate Factory (2005),Warner Bros.,206459076.0,268509687.0,474968763.0,"['Adventure', 'Comedy', 'Family', 'Fantasy', 'Musical']",115.0,67.0,64.0,50.6,60.5,38.6,27.62128060029345,28.00039889622863,28.823257394759626,False,False,True,False,True,False,False,False,False,False,True,False,False,True,False,True,True,False,False,False
203,Ratatouille (2007),Walt Disney Studios Motion Pictures,206445654.0,417280431.0,623726085.0,"['Adventure', 'Animation', 'Comedy', 'Family', 'Fantasy']",111.0,81.0,83.6,74.0,79.5,50.7,27.621186806972915,28.636442023910035,29.21633735457752,False,False,False,False,True,False,False,False,False,False,False,False,False,True,False,True,True,True,False,False
204,Thor: The Dark World (2013),Walt Disney Studios Motion Pictures,206362140.0,438421000.0,644783140.0,"['Action', 'Adventure', 'Fantasy']",112.0,68.0,48.0,46.2,54.1,38.4,27.62060307169931,28.707741662940805,29.26423877939716,False,False,False,False,False,False,False,False,False,False,False,False,False,True,True,False,True,False,False,False
210,The Mummy Returns (2001),Universal Pictures,202019785.0,241261119.0,443280904.0,"['Action', 'Adventure', 'Fantasy', 'Thriller']",130.0,64.0,58.4,44.6,55.7,35.6,27.5899213507077,27.84602019249104,28.723645973400192,False,True,False,False,False,False,False,False,False,False,False,False,False,True,True,False,True,False,False,False
212,Cinderella (2015),Walt Disney Studios Motion Pictures,201151353.0,341206978.0,542358331.0,"['Adventure', 'Drama', 'Family', 'Fantasy', 'Romance']",105.0,69.0,63.800000000000004,52.0,61.6,40.3,27.583706201063563,28.346071910512,29.014671100609807,False,False,False,True,False,False,False,False,False,False,False,False,True,True,False,True,True,False,False,False
213,Ralph Breaks the Internet (2018),Walt Disney Studios Motion Pictures,201091711.0,328232251.0,529323962.0,"['Adventure', 'Animation', 'Comedy', 'Family', 'Fantasy', 'Sci-Fi']",112.0,70.0,60.199999999999996,54.6,61.6,40.1,27.58327837408053,28.29014175929065,28.97957572400327,False,False,False,False,True,False,False,False,False,False,False,True,False,True,False,True,True,True,False,False
214,Tangled (2010),Walt Disney Studios Motion Pictures,200821936.0,391640880.0,592462816.0,"['Adventure', 'Animation', 'Comedy', 'Family', 'Fantasy', 'Musical', 'Romance']",100.0,77.0,78.2,64.2,73.1,47.0,27.581341624154206,28.54495612234259,29.14214936989326,False,False,True,False,True,False,False,False,False,False,True,False,True,True,False,True,True,True,False,False
219,Monsters vs. Aliens (2009),DreamWorks,198351526.0,183158344.0,381509870.0,"['Action', 'Adventure', 'Animation', 'Comedy', 'Family', 'Fantasy', 'Sci-Fi']",94.0,64.0,54.400000000000006,48.0,55.5,34.4,27.56348425587205,27.448516185360866,28.50714514044667,False,False,False,False,True,False,False,False,False,False,False,True,False,True,True,True,True,True,False,False
225,Twilight (2008),Summit Entertainment,193962473.0,214467942.0,408430415.0,"['Drama', 'Fantasy', 'Romance']",122.0,53.0,59.00000000000001,35.4,49.1,31.7,27.531202312264668,27.676186773378053,28.605515063942956,False,False,False,True,False,False,False,False,False,False,False,False,True,False,False,False,True,False,False,False
231,Spider-Man: Into the Spider-Verse (2018),Sony Pictures Entertainment (SPE),190241310.0,185299521.0,375540831.0,"['Action', 'Adventure', 'Animation', 'Comedy', 'Family', 'Fantasy', 'Sci-Fi']",117.0,84.00000000000001,88.80000000000001,78.60000000000001,83.8,48.5,27.503255313714767,27.46528391109647,28.484394533626084,False,False,False,False,True,False,False,False,False,False,False,True,False,True,True,True,True,True,False,False
234,Wreck-It Ralph (2012),Walt Disney Studios Motion Pictures,189422889.0,281800000.0,471222889.0,"['Adventure', 'Animation', 'Comedy', 'Family', 'Fantasy', 'Sci-Fi']",101.0,77.0,71.6,65.99999999999999,71.5,44.0,27.49703542914282,28.070096370746448,28.811834376885233,False,False,False,False,True,False,False,False,False,False,False,True,False,True,False,True,True,True,False,False
237,The Polar Express (2004),Warner Bros.,187935490.0,126279964.0,314215454.0,"['Adventure', 'Animation', 'Comedy', 'Family', 'Fantasy', 'Musical']",100.0,65.99999999999999,63.4,49.2,59.5,35.3,27.485662292127433,26.912050513577757,28.227178897276765,False,False,True,False,True,False,False,False,False,False,True,False,False,True,False,True,True,True,False,False
239,The Croods (2013),Twentieth Century Fox,187168425.0,400067558.0,587235983.0,"['Adventure', 'Animation', 'Comedy', 'Family', 'Fantasy']",98.0,72.0,60.8,53.2,62.0,41.3,27.479761834308327,28.575668402503332,29.129365131410047,False,False,False,False,True,False,False,False,False,False,False,False,False,True,False,True,True,True,False,False
243,Snow White and the Seven Dwarfs (1937),Walt Disney Studios Motion Pictures,184925486.0,184925486.0,184925486.0,"['Adventure', 'Animation', 'Family', 'Fantasy', 'Musical', 'Romance']",83.0,76.0,69.0,68.8,71.3,38.9,27.462368826415478,27.462368826415478,27.462368826415478,False,False,True,False,False,False,False,False,False,False,True,False,True,True,False,True,True,True,False,False
252,What Women Want (2000),Paramount Pictures,182811707.0,191300000.0,374111707.0,"['Comedy', 'Fantasy', 'Romance']",127.0,64.0,54.2,43.4,53.9,33.5,27.445783220578242,27.511261632782926,28.478893871650506,False,False,False,False,True,False,False,False,False,False,False,False,True,False,False,False,True,False,False,False
255,Liar Liar (1997),Universal Pictures,181410615.0,121300000.0,302710615.0,"['Comedy', 'Fantasy']",86.0,69.0,64.8,55.400000000000006,63.1,36.9,27.434683634809904,26.85400430955732,28.17336402540852,False,False,False,False,True,False,False,False,False,False,False,False,False,False,False,False,True,False,False,False
257,Thor (2011),Paramount Pictures,181030624.0,268295994.0,449326618.0,"['Action', 'Adventure', 'Fantasy']",115.0,70.0,57.400000000000006,51.2,59.5,37.6,27.431658530196216,27.999250272588572,28.743189288396536,False,False,False,False,False,False,False,False,False,False,False,False,False,True,True,False,True,False,False,False
267,Home (2015),Twentieth Century Fox,177397510.0,208644097.0,386041607.0,"['Adventure', 'Animation', 'Comedy', 'Family', 'Fantasy', 'Sci-Fi']",94.0,65.99999999999999,54.800000000000004,44.400000000000006,55.1,34.3,27.402410518817565,27.636468863264565,28.524181106534435,False,False,False,False,True,False,False,False,False,False,False,True,False,True,False,True,True,True,False,False
268,Night at the Museum: Battle of the Smithsonian (2009),Twentieth Century Fox,177243721.0,235862449.0,413106170.0,"['Adventure', 'Comedy', 'Family', 'Fantasy']",105.0,60.0,55.99999999999999,41.8,52.6,33.6,27.40115927884795,27.81337050852092,28.621937367010016,False,False,False,False,True,False,False,False,False,False,False,False,False,True,False,True,True,False,False,False
270,How to Train Your Dragon 2 (2014),Twentieth Century Fox,177002924.0,444534595.0,621537519.0,"['Action', 'Adventure', 'Animation', 'Comedy', 'Family', 'Fantasy']",102.0,78.0,73.6,64.4,72.0,46.9,27.399197952206357,28.727720457327884,29.211266241030685,False,False,False,False,True,False,False,False,False,False,False,False,False,True,True,True,True,True,False,False
273,Elf (2003),New Line Cinema,176630408.0,47223328.0,223853736.0,"['Adventure', 'Comedy', 'Family', 'Fantasy', 'Romance']",97.0,71.0,70.8,55.99999999999999,65.9,36.9,27.396158492200726,25.492996381337388,27.737981155355524,False,False,False,False,True,False,False,False,False,False,False,False,True,True,False,True,True,False,False,False
278,The Lego Batman Movie (2017),Warner Bros.,175750384.0,136200000.0,311950384.0,"['Action', 'Adventure', 'Animation', 'Comedy', 'Family', 'Fantasy', 'Sci-Fi']",104.0,73.0,75.0,65.6,71.2,41.1,27.38895260056906,27.021151462448884,28.21674134443854,False,False,False,False,True,False,False,False,False,False,False,True,False,True,True,True,True,True,False,False
280,The Boss Baby (2017),Twentieth Century Fox,175003033.0,352962903.0,527965936.0,"['Adventure', 'Animation', 'Comedy', 'Family', 'Fantasy']",97.0,63.0,51.0,42.00000000000001,52.0,35.3,27.382804684905878,28.394941320866355,28.975869609990948,False,False,False,False,True,False,False,False,False,False,False,False,False,True,False,True,True,True,False,False
290,Pirates of the Caribbean: Dead Men Tell No Tales (2017),Walt Disney Studios Motion Pictures,172558876.0,622322566.0,794881442.0,"['Action', 'Adventure', 'Fantasy']",129.0,65.0,53.2,45.800000000000004,54.7,41.3,27.362513443430654,29.213087319748148,29.5661644549755,False,False,False,False,False,False,False,False,False,False,False,False,False,True,True,False,True,False,False,False
292,Mary Poppins Returns (2018),Walt Disney Studios Motion Pictures,171958438.0,177587704.0,349546142.0,"['Adventure', 'Comedy', 'Family', 'Fantasy', 'Musical']",130.0,67.0,62.4,54.2,61.2,36.7,27.357484669741588,27.403956453442678,28.380907670896057,False,False,True,False,True,False,False,False,False,False,True,False,False,True,False,True,True,False,False,False
300,Hotel Transylvania 2 (2015),Sony Pictures Entertainment (SPE),169700110.0,305486596.0,475186706.0,"['Adventure', 'Animation', 'Comedy', 'Family', 'Fantasy', 'Horror']",89.0,70.0,58.60000000000001,48.0,58.9,37.8,27.338412259138007,28.18653383862385,28.823919234429173,False,False,False,False,True,False,False,False,True,False,False,False,False,True,False,True,True,True,False,False
305,Kong: Skull Island (2017),Warner Bros.,168052812.0,398600000.0,566652812.0,"['Action', 'Adventure', 'Fantasy', 'Sci-Fi']",118.0,65.99999999999999,61.4,56.2,61.2,40.6,27.324339442325076,28.57036646927587,29.077889826151768,False,False,False,False,False,False,False,False,False,False,False,True,False,True,True,False,True,False,False,False
308,Hotel Transylvania 3: Summer Vacation (2018),Sony Pictures Entertainment (SPE),167510016.0,361073758.0,528583774.0,"['Adventure', 'Animation', 'Comedy', 'Family', 'Fantasy', 'Horror']",97.0,63.0,54.400000000000006,45.4,54.3,36.4,27.319672120946993,28.427718331479085,28.977556898174054,False,False,False,False,True,False,False,False,True,False,False,False,False,True,False,True,True,True,False,False
315,Kung Fu Panda 2 (2011),DreamWorks,165249063.0,500443218.0,665692281.0,"['Action', 'Adventure', 'Animation', 'Comedy', 'Family', 'Fantasy']",90.0,72.0,70.8,60.0,67.6,45.5,27.300066850444054,28.898631144329904,29.310280198757134,False,False,False,False,True,False,False,False,False,False,False,False,False,True,True,True,True,True,False,False
317,Eternals (2021),Walt Disney Studios Motion Pictures,164819595.0,237027887.0,401847482.0,"['Action', 'Adventure', 'Fantasy', 'Sci-Fi']",156.0,63.0,59.400000000000006,50.4,57.6,35.9,27.29631253031425,27.820481565352317,28.582072801016537,False,False,False,False,False,False,False,False,False,False,False,True,False,True,True,False,True,False,False,False
322,Clash of the Titans (2010),Warner Bros.,163214888.0,330000105.0,493214993.0,"['Action', 'Adventure', 'Fantasy']",106.0,57.99999999999999,47.199999999999996,39.2,48.1,32.7,27.28219742096786,28.297891242609246,28.877641415283243,False,False,False,False,False,False,False,False,False,False,False,False,False,True,True,False,True,False,False,False
323,The SpongeBob Movie: Sponge Out of Water (2015),Paramount Pictures,162994032.0,162192000.0,325186032.0,"['Adventure', 'Animation', 'Comedy', 'Family', 'Fantasy']",92.0,60.0,53.2,53.400000000000006,55.5,33.5,27.28024390047777,27.273127420547045,28.27669004850102,False,False,False,False,True,False,False,False,False,False,False,False,False,True,False,True,True,True,False,False
324,Batman Returns (1992),Warner Bros.,162902340.0,103990656.0,266892996.0,"['Action', 'Crime', 'Fantasy']",126.0,71.0,71.6,66.2,69.6,39.5,27.279432086609653,26.631878661041366,27.99168620482362,False,False,False,False,False,False,True,False,False,False,False,False,False,False,True,False,True,False,False,False
326,A Bug's Life (1998),Walt Disney Studios Motion Pictures,162798565.0,200460294.0,363258859.0,"['Adventure', 'Animation', 'Comedy', 'Family', 'Fantasy']",95.0,72.0,68.60000000000001,60.8,67.1,39.9,27.278512742016893,27.578741263499175,28.43642274120896,False,False,False,False,True,False,False,False,False,False,False,False,False,True,False,True,True,True,False,False
334,How to Train Your Dragon: The Hidden World (2019),Universal Pictures,160799505.0,363589578.0,524389083.0,"['Action', 'Adventure', 'Animation', 'Comedy', 'Family', 'Fantasy']",104.0,74.0,73.4,62.0,69.8,44.1,27.26068772447678,28.43773560554179,28.966062410208327,False,False,False,False,True,False,False,False,False,False,False,False,False,True,True,True,True,True,False,False
338,Fantastic Beasts: The Crimes of Grindelwald (2018),Warner Bros.,159555901.0,495300000.0,654855901.0,"['Adventure', 'Family', 'Fantasy']",134.0,65.0,53.400000000000006,44.400000000000006,54.3,38.6,27.249486725196576,28.883727380071225,29.286602240124722,False,False,False,False,False,False,False,False,False,False,False,False,False,True,False,True,True,False,False,False
347,Who Framed Roger Rabbit (1988),Walt Disney Studios Motion Pictures,156452370.0,173351588.0,329803958.0,"['Adventure', 'Animation', 'Comedy', 'Crime', 'Family', 'Fantasy', 'Mystery']",104.0,77.0,78.0,72.6,75.9,43.7,27.221148272336407,27.369125811614445,28.297033471860658,True,False,False,False,True,False,True,False,False,False,False,False,False,True,False,True,True,True,False,False
350,The Mummy (1999),Universal Pictures,155385488.0,260547918.0,415933406.0,"['Action', 'Adventure', 'Fantasy']",124.0,71.0,69.4,54.6,65.0,39.8,27.211276530746293,27.956973485551046,28.63177731985881,False,False,False,False,False,False,False,False,False,False,False,False,False,True,True,False,True,False,False,False
351,Snow White and the Huntsman (2012),Universal Pictures,155332381.0,241260448.0,396592829.0,"['Action', 'Adventure', 'Drama', 'Fantasy']",127.0,61.0,51.0,46.2,52.7,33.3,27.2107833682093,27.84601618003465,28.563083350786513,False,False,False,True,False,False,False,False,False,False,False,False,False,True,True,False,True,False,False,False
355,Fantastic Four (2005),Twentieth Century Fox,154696080.0,178839854.0,333535934.0,"['Action', 'Adventure', 'Fantasy', 'Sci-Fi']",106.0,57.00000000000001,48.2,35.6,46.9,29.3,27.20486139844426,27.41409303231552,28.313266959821718,False,False,False,False,False,False,False,False,False,False,False,True,False,True,True,False,True,False,False,False
356,Horton Hears a Who! (2008),Twentieth Century Fox,154529439.0,144043360.0,298572799.0,"['Adventure', 'Animation', 'Comedy', 'Drama', 'Family', 'Fantasy', 'Music']",86.0,68.0,58.8,51.2,59.3,34.9,27.20330646747764,27.1019279168833,28.153507496120827,False,False,True,True,True,False,False,False,False,False,False,False,False,True,False,True,True,True,False,False
359,Trolls (2016),Twentieth Century Fox,153707064.0,193157822.0,346864886.0,"['Adventure', 'Animation', 'Comedy', 'Family', 'Fantasy', 'Musical', 'Romance']",92.0,64.0,53.800000000000004,43.2,53.7,32.9,27.195608228379918,27.525204860340068,28.36979855948757,False,False,True,False,True,False,False,False,False,False,True,False,True,True,False,True,True,True,False,False
360,Scooby-Doo (2002),Warner Bros.,153294164.0,122356539.0,275650703.0,"['Adventure', 'Comedy', 'Family', 'Fantasy', 'Mystery']",89.0,52.0,65.0,39.2,52.1,30.9,27.19172753288277,26.86651596334241,28.038266039879712,True,False,False,False,True,False,False,False,False,False,False,False,False,True,False,True,True,False,False,False
372,Puss in Boots (2011),DreamWorks,149260504.0,405726973.0,554987477.0,"['Adventure', 'Animation', 'Comedy', 'Family', 'Fantasy']",90.0,65.99999999999999,61.4,53.6,60.3,39.9,27.153257221814933,28.595933976160712,29.04787997727546,False,False,False,False,True,False,False,False,False,False,False,False,False,True,False,True,True,True,False,False
379,Hotel Transylvania (2012),Sony Pictures Entertainment (SPE),148313048.0,210062555.0,358375603.0,"['Animation', 'Comedy', 'Family', 'Fantasy', 'Horror']",91.0,70.0,64.2,53.400000000000006,62.5,37.5,27.14407028512358,27.646243774368408,28.416897186034184,False,False,False,False,True,False,False,False,True,False,False,False,False,False,False,True,True,True,False,False
387,Lilo & Stitch (2002),Walt Disney Studios Motion Pictures,145794338.0,127349813.0,273144151.0,"['Adventure', 'Animation', 'Comedy', 'Drama', 'Family', 'Fantasy', 'Sci-Fi']",85.0,73.0,78.8,64.2,72.0,40.8,27.119359452028945,26.924221600264435,28.025087289168887,False,False,False,True,True,False,False,False,False,False,False,True,False,True,False,True,True,True,False,False
388,The Santa Clause (1994),Walt Disney Studios Motion Pictures,145539357.0,45000000.0,190539357.0,"['Comedy', 'Drama', 'Family', 'Fantasy']",97.0,65.0,62.6,48.4,58.7,32.7,27.116834101034794,25.423421665653848,27.505513784556012,False,False,False,True,True,False,False,False,False,False,False,False,False,False,False,True,True,False,False,False
397,Doctor Dolittle (1998),Twentieth Century Fox,144156605.0,150300000.0,294456605.0,"['Comedy', 'Family', 'Fantasy']",85.0,54.0,49.800000000000004,51.6,51.8,31.1,27.103061699174457,27.163269768353178,28.13347979429461,False,False,False,False,True,False,False,False,False,False,False,False,False,False,False,True,True,False,False,False
400,Kung Fu Panda 3 (2016),Twentieth Century Fox,143528619.0,377642206.0,521170825.0,"['Action', 'Adventure', 'Animation', 'Comedy', 'Family', 'Fantasy']",95.0,71.0,64.60000000000001,56.2,63.9,41.1,27.09676319197705,28.492444771108392,28.957181083592232,False,False,False,False,True,False,False,False,False,False,False,False,False,True,True,True,True,True,False,False
403,The Smurfs (2011),Sony Pictures Entertainment (SPE),142614158.0,421135165.0,563749323.0,"['Adventure', 'Animation', 'Comedy', 'Family', 'Fantasy']",103.0,54.0,45.0,31.0,43.3,31.5,27.087541971332854,28.649708105403732,29.070478554952278,False,False,False,False,True,False,False,False,False,False,False,False,False,True,False,True,True,True,False,False
406,The Chronicles of Narnia: Prince Caspian (2008),Walt Disney Studios Motion Pictures,141621490.0,278044078.0,419665568.0,"['Action', 'Adventure', 'Family', 'Fantasy']",150.0,65.0,60.4,49.2,58.2,36.5,27.077464959294062,28.050738368922623,28.64466485941252,False,False,False,False,False,False,False,False,False,False,False,False,False,True,True,True,True,False,False,False
413,Shazam! (2019),Warner Bros.,140371656.0,225600000.0,365971656.0,"['Action', 'Adventure', 'Comedy', 'Fantasy']",132.0,70.0,65.19999999999999,60.199999999999996,65.1,39.0,27.06467641357033,27.749191826835606,28.44715667719373,False,False,False,False,True,False,False,False,False,False,False,False,False,True,True,False,True,False,False,False
416,Stuart Little (1999),Sony Pictures Entertainment (SPE),140035367.0,160100000.0,300135367.0,"['Adventure', 'Comedy', 'Family', 'Fantasy']",84.0,60.0,55.599999999999994,39.800000000000004,51.8,31.2,27.061215995924456,27.25439806695307,28.161038090661396,False,False,False,False,True,False,False,False,False,False,False,False,False,True,False,True,True,False,False,False
420,The Santa Clause 2 (2002),Walt Disney Studios Motion Pictures,139236327.0,33618738.0,172855065.0,"['Comedy', 'Family', 'Fantasy']",104.0,57.00000000000001,53.400000000000006,36.8,49.1,27.6,27.052960421042613,25.00276223306539,27.364987637176053,False,False,False,False,True,False,False,False,False,False,False,False,False,False,False,True,True,False,False,False
428,A Christmas Carol (2009),Walt Disney Studios Motion Pictures,137855863.0,187430783.0,325286646.0,"['Adventure', 'Animation', 'Comedy', 'Drama', 'Family', 'Fantasy']",96.0,68.0,61.6,54.400000000000006,61.3,36.4,27.03858538546878,27.481782674925935,28.277136355701646,False,False,False,True,True,False,False,False,False,False,False,False,False,True,False,True,True,True,False,False
429,Dinosaur (2000),Walt Disney Studios Motion Pictures,137748063.0,212074702.0,349822765.0,"['Adventure', 'Animation', 'Drama', 'Family', 'Fantasy']",82.0,64.0,56.39999999999999,43.8,54.7,33.5,27.0374567909992,27.65999729380091,28.382048935962644,False,False,False,True,False,False,False,False,False,False,False,False,False,True,False,True,True,True,False,False
432,Click (2006),Revolution Studios,137355633.0,103329693.0,240685326.0,"['Comedy', 'Drama', 'Fantasy', 'Romance']",107.0,64.0,55.599999999999994,46.4,55.3,31.9,27.03334083612733,26.62267964823185,27.842572945978354,False,False,False,True,True,False,False,False,False,False,False,False,True,False,False,False,True,False,False,False
433,The Green Mile (1999),Warner Bros.,136801374.0,150000000.0,286801374.0,"['Crime', 'Drama', 'Fantasy', 'Mystery']",189.0,86.0,82.8,71.0,79.9,45.0,27.027507479476448,27.160387259820055,28.09547669477832,True,False,False,True,False,False,True,False,False,False,False,False,False,False,False,False,True,False,False,False
438,Chicken Little (2005),Walt Disney Studios Motion Pictures,135386665.0,179046172.0,314432837.0,"['Adventure', 'Animation', 'Comedy', 'Family', 'Fantasy', 'Sci-Fi']",81.0,57.00000000000001,54.2,36.6,49.3,30.2,27.012510405797734,27.41575643332476,28.228176648779677,False,False,False,False,True,False,False,False,False,False,False,True,False,True,False,True,True,True,False,False
